pl_name,st_spectype
30 Ari B b,F6 V
PH1 b,F
GJ 667 C b,M1.5 V
GJ 667 C c,M1.5 V
GJ 667 C e,M1.5 V
GJ 667 C f,M1.5 V
GJ 667 C g,M1.5 V
Kepler-444 b,K
Kepler-444 c,K
Kepler-444 d,K
Kepler-444 e,K
Kepler-444 f,K
HD 207832 b,G5 V
HD 207832 c,G5 V
HD 65216 b,G5 V
HD 65216 c,G5 V
K2-290 b,
K2-290 c,
LTT 1445 A b,M2.5V
LTT 1445 A c,M2.5V
TOI-942 b,K2.5 V
TOI-942 c,K2.5 V
16 Cyg B b,G3 V
51 Eri b,F0 IV
91 Aqr b,K0 III
HAT-P-16 b,F8
HAT-P-35 b,
HAT-P-57 b,A8 V
HAT-P-8 b,F6
HD 126614 b,G8 IV
HD 132563 b,F8
HD 142245 b,K0
HD 178911 B b,G5
HD 185269 b,G0 IV
HD 196050 b,G4 V
HD 19994 b,F8 V
HD 2638 b,K1 V
HD 26965 b,K0 V
HD 40979 b,F8 V
HD 4113 b,G5
HD 43691 b,G0
HD 87646 b,G
HW Vir b,
K2-27 b,
KELT-4 A b,F
KOI-13 b,
Kepler-908 b,
Proxima Cen b,M5.5 V
WASP-11 b,K3 V
WASP-12 b,
WASP-14 b,
WASP-24 b,
WASP-3 b,
WD 1856+534 b,
eps Ind A b,K2 V
psi1 Dra B b,G0 V
Kepler-20 b,
Kepler-20 c,
Kepler-20 d,
Kepler-20 e,
Kepler-20 f,
Kepler-20 g,
55 Cnc b,K0 IV-V
55 Cnc c,G8V
55 Cnc d,G8 V
55 Cnc e,G8 V
55 Cnc f,G8V
HD 20781 b,K0 V
HD 20781 c,K0 V
HD 20781 d,K0 V
HD 20781 e,K0 V
HD 20782 b,G1.5 V
Kepler-296 b,M2 V
Kepler-296 c,M2 V
Kepler-296 d,M2 V
Kepler-296 e,M2 V
Kepler-296 f,M2 V
GJ 676 A b,M0 V
GJ 676 A c,M0
GJ 676 A d,M0 V
GJ 676 A e,M0 V
K2-266 b,
K2-266 c,
K2-266 d,
K2-266 e,
K2-32 b,G9 V
K2-32 c,G9 V
K2-32 d,G9 V
K2-32 e,G9 V
KOI-94 b,
KOI-94 c,
KOI-94 d,
KOI-94 e,
Kepler-132 b,
Kepler-132 c,
Kepler-132 d,
Kepler-132 e,
Kepler-167 b,K4
Kepler-167 c,K4
Kepler-167 d,K4
Kepler-167 e,K4
Kepler-197 b,
Kepler-197 c,
Kepler-197 d,
Kepler-197 e,
Kepler-411 b,K2 V
Kepler-411 c,K2 V
Kepler-411 d,K2 V
Kepler-411 e,K2 V
2MASS J19383260+4603591 b,
HD 125612 b,G3 V
HD 125612 c,G3 V
HD 125612 d,G3 V
HD 133131 A b,G2 V
HD 133131 A c,G2 V
HD 133131 B b,G2 V
HD 142 A d,F7V
HD 142 b,G1 IV
HD 142 c,F7V
HR 858 b,F6 V
HR 858 c,F6 V
HR 858 d,F6 V
K2-136 b,K5.5
K2-136 c,K5.5
K2-136 d,K5.5
K2-148 b,
K2-148 c,
K2-148 d,
Kepler-104 b,
Kepler-104 c,
Kepler-104 d,
Kepler-1130 b,
Kepler-1130 c,
Kepler-1130 d,
Kepler-130 b,
Kepler-130 c,
Kepler-130 d,
Kepler-25 b,
Kepler-25 c,
Kepler-25 d,
Kepler-451 c,
Kepler-451 d,
Kepler-47 b,
Kepler-47 c,
Kepler-47 d,
Kepler-68 b,
Kepler-68 c,
Kepler-68 d,
Kepler-83 b,M0 V
Kepler-83 c,M0 V
Kepler-83 d,M0 V
TOI-451 b,
TOI-451 c,
TOI-451 d,
XO-2 N b,K0 V
XO-2 S b,
XO-2 S c,
ups And b,F8 V
ups And c,F8 V
ups And d,F8 V
GJ 15 A b,M1
GJ 15 A c,M1
GJ 229 A c,M1.5V
GJ 229 b,M1/M2 V
GJ 3473 b,M4
GJ 3473 c,M4
GJ 414 A b,K7 V
GJ 414 A c,K7 V
HD 107148 b,G5 V
HD 107148 c,G5 V
HD 11343 c,K2 III/IV
HD 116029 b,K0
HD 116029 c,K0
HD 11964 b,G9 V CN+1
HD 11964 c,G9 V CN+1
HD 147873 b,G1 V
HD 147873 c,G1 V
HD 177830 b,K0
HD 177830 c,K0
HD 190360 b,G V
HD 190360 c,G6 IV
HD 217786 b,F8 V
HD 217786 c,F8 V
HD 38529 b,G4 IV
HD 38529 c,G4 IV
HD 41004 A b,K1/K2 V
HD 41004 B b,M2 V
HD 4732 b,K0 IV
HD 4732 c,K0 IV
HD 93963 A b,G0 V
HD 93963 A c,G0 V
HIP 8541 b,K2 III/IV
HU Aqr AB b,
HU Aqr AB c,
Kepler-108 b,
Kepler-108 c,
Kepler-1086 b,
Kepler-1086 c,
Kepler-136 b,
Kepler-136 c,
Kepler-333 b,
Kepler-333 c,
Kepler-353 b,
Kepler-353 c,
Kepler-390 b,
Kepler-390 c,
Kepler-432 b,
Kepler-432 c,
Kepler-454 b,
Kepler-454 c,
Kepler-755 b,
Kepler-755 c,
LHS 1678 b,M2.0 V
LHS 1678 c,M2.0 V
LTT 3780 b,M4 V
LTT 3780 c,M4 V
NN Ser c,WD
NN Ser d,WD
NY Vir b,
NY Vir c,
Pr0211 b,
Pr0211 c,
TOI-421 b,G9 V
TOI-421 c,G9 V
UZ For b,
UZ For c,
WASP-18 b,F6 IV-V
WASP-18 c,F6 IV-V
WASP-8 b,G8 V
WASP-8 c,G8 V
WASP-94 A b,F8
WASP-94 B b,F9
11 Com b,G8 III
18 Del b,G6 III
2MASS J01033563-5515561 AB b,M5.5/M6
42 Dra b,K1.5 III
75 Cet b,G3 III
CoRoT-2 b,
CoRoT-9 b,G3 V
DE CVn b,
DMPP-3 A b,K0 V
DP Leo b,
DS Tuc A b,G6 V
EPIC 246851721 b,F5 V
GJ 3021 b,G6 V
GJ 338 B b,M0 V
GJ 720 A b,M0.5 V
GJ 86 b,K1V
GJ 896 A b,M3.5 V
Gl 49 b,M1.5 V
HAT-P-1 b,G0 V
HAT-P-14 b,F5 V
HAT-P-22 b,G5 V
HAT-P-24 b,F8
HAT-P-27 b,G8
HAT-P-29 b,F8
HAT-P-3 b,K
HAT-P-30 b,F7
HAT-P-32 b,
HAT-P-33 b,F4
HAT-P-39 b,
HAT-P-4 b,F
HAT-P-41 b,
HAT-P-67 b,
HAT-P-7 b,
HATS-30 b,G
HATS-37 A b,
HATS-48 A b,
HATS-58 A b,
HATS-65 b,
HATS-74 A b,
HD 100655 b,G9 III
HD 101930 b,K1 V
HD 102365 b,G3/5V
HD 102956 b,G5
HD 103774 b,F5 V
HD 106515 A b,G5 V
HD 108341 b,K2 V
HD 109749 b,G3 V
HD 110082 b,F8 V
HD 113996 b,K5 III
HD 114729 b,G0 V
HD 142022 A b,K0
HD 147379 b,M1
HD 147513 b,G3/5V
HD 155233 b,K1 III
HD 156846 b,G0 V
HD 16141 b,G5 IV
HD 16417 b,G1 V
HD 164509 b,G5
HD 164595 b,G2 V
HD 170469 b,G5 IV
HD 180617 b,M2.5 V
HD 180902 b,K0 III/IV
HD 18599 b,K2 V
HD 188015 b,G5 IV
HD 189733 b,K2 V
HD 195019 b,G3 IV-V
HD 196067 b,G1 V
HD 196885 A b,F8 V
HD 197037 b,F7 V
HD 202206 c,G6 V
HD 202772 A b,
HD 204941 b,K1/2V
HD 212301 b,F8 V
HD 213240 b,G0/1 V
HD 214823 b,G0
HD 220842 b,F8
HD 222582 b,G5 V
HD 233832 b,G0
HD 23596 b,F8 V
HD 25171 b,F8 V
HD 27442 b,K1/2III
HD 28254 b,G1 IV/V
HD 30856 b,K0 III
HD 33283 b,G3/G5 V
HD 46375 b,K1 IV-V
HD 59686 A b,K2 III
HD 7449 b,F9.5 V
HD 75289 b,G0
HD 79498 b,G5
HD 80606 b,G5
HD 8535 b,G0 V
HD 86081 b,F8
HD 8673 b,F5
HD 89744 b,F7 V
HD 96167 b,G5
HD 98736 b,G5
HD 99492 b,K2 V
HIP 109600 b,G5
HIP 116454 b,K1
HIP 21152 b,F5 V
HIP 65 A b,K4 V
HIP 70849 b,K7 V
HIP 75056 A b,A2 V
HIP 79098 AB b,B9 V
HIP 94235 b,G V
HR 5183 b,G0 V
K2-122 b,M0
K2-151 b,M1.5 V
K2-22 b,M0 V
K2-265 b,G8 V
K2-288 B b,M3 V
K2-29 b,G7 V
K2-31 b,G7 V
KELT-15 b,
KELT-16 b,F7 V
KELT-18 b,F4 V
KELT-19 A b,A8 V
KELT-2 A b,F8
KELT-23 A b,G2 V
KELT-3 b,
KELT-9 b,B9.5-A0
KIC 5095269 b,F7 V
KIC 5951458 b,
KMT-2021-BLG-0322L b,
KOI-1257 b,G5 V
KOI-7913 b,K6 V
Kepler-1008 b,
Kepler-1027 b,
Kepler-1063 b,
Kepler-1150 b,
Kepler-1319 b,
Kepler-1341 b,
Kepler-14 b,
Kepler-1480 b,
Kepler-1540 b,
Kepler-16 b,
Kepler-1647 b,
Kepler-1651 b,
Kepler-1661 b,K
Kepler-21 b,F6 IV
Kepler-34 b,
Kepler-35 b,
Kepler-38 b,G4 V
Kepler-410 A b,
Kepler-413 b,
Kepler-453 b,
Kepler-477 b,
Kepler-504 b,
Kepler-514 b,
Kepler-515 b,
Kepler-517 b,
Kepler-519 b,
Kepler-530 b,
Kepler-538 b,
Kepler-560 b,
Kepler-636 b,
Kepler-693 b,
Kepler-743 b,
Kepler-779 b,
Kepler-78 b,G
Kepler-795 b,
Kepler-951 b,
Kepler-970 b,
Kepler-99 b,
MASCARA-4 b,A7 V
MXB 1658-298 b,
NGTS-14 A b,K1 V
NGTS-3 A b,G6 V
NSVS 14256825 b,
OGLE-2006-BLG-284L A b,
OGLE-2007-BLG-349L AB c,M
OGLE-2008-BLG-092L b,
OGLE-2013-BLG-0341L B b,
OGLE-2016-BLG-0613L AB b,
OGLE-2018-BLG-1700L b,
OGLE-2019-BLG-0304L b,
OGLE-2019-BLG-1470L AB c,
PSR B1620-26 b,
Qatar-6 b,K2 V
ROXs 12 b,M0
ROXs 42 B b,M0
RR Cae b,M
Ross 458 c,M2
SR 12 AB c,
TIC 172900988 b,F9
TOI-1201 b,M2.0 V
TOI-1259 A b,
TOI-1333 b,
TOI-1338 b,
TOI-1452 b,M4 &#177 0.5 V
TOI-1634 b,M2
TOI-2193 A b,
TOI-3331 A b,
TOI-3540 A b,
TOI-3714 b,M2
TrES-1 b,K0 V
TrES-2 b,G0 V
TrES-4 b,F8 V
VHS J125601.92-125723.9 b,M7.5
WASP-1 b,F7 V
WASP-100 b,F2
WASP-104 b,G8
WASP-114 b,G0
WASP-123 b,G5
WASP-127 b,
WASP-129 b,G1
WASP-139 b,K0
WASP-140 b,K0
WASP-145 A b,K2 V
WASP-160 B b,K0 V
WASP-168 b,F9 V
WASP-173 A b,G3
WASP-180 A b,F7 V
WASP-2 b,K1
WASP-20 b,F9
WASP-26 b,G0
WASP-33 b,A5
WASP-36 b,
WASP-45 b,K2 V
WASP-49 b,G6 V
WASP-54 b,F9
WASP-55 b,
WASP-56 b,G6
WASP-58 b,G2 V
WASP-64 b,G7
WASP-68 b,G0
WASP-70 A b,G4
WASP-75 b,F9
WASP-76 b,F7
WASP-77 A b,G8 V
WASP-85 A b,G5 V
WASP-87 b,
WASP-98 b,G7
alf Tau b,K5 III
b Cen AB b,B2.5 V
bet Cnc b,K4 III
gam Cep b,K1 IV
gam1 Leo b,K1 IIIb Fe-0.5
nu Oct A b,K1 IIIb-IV
ome Ser b,G8 III
omi UMa b,G5 III
tau Boo b,F7 V
KOI-351 b,
KOI-351 c,
KOI-351 d,
KOI-351 e,
KOI-351 f,
KOI-351 g,
KOI-351 h,
Kepler-90 i,
TRAPPIST-1 b,
TRAPPIST-1 c,
TRAPPIST-1 d,
TRAPPIST-1 e,
TRAPPIST-1 f,
TRAPPIST-1 g,
TRAPPIST-1 h,
HD 10180 c,G1 V
HD 10180 d,G1 V
HD 10180 e,G1 V
HD 10180 f,G1 V
HD 10180 g,G1 V
HD 10180 h,G1 V
HD 191939 b,G9 V
HD 191939 c,G9 V
HD 191939 d,G9 V
HD 191939 e,G9 V
HD 191939 f,G9 V
HD 191939 g,G9 V
HD 219134 b,K3 V
HD 219134 c,K3 V
HD 219134 d,K3 V
HD 219134 f,K3 V
HD 219134 g,K3 V
HD 219134 h,K3 V
HD 34445 b,G0 V
HD 34445 c,G0 V
HD 34445 d,G0 V
HD 34445 e,G0 V
HD 34445 f,G0 V
HD 34445 g,G0 V
K2-138 b,G8 V
K2-138 c,G8 V
K2-138 d,G8 V
K2-138 e,G8 V
K2-138 f,G8 V
K2-138 g,G8 V
Kepler-11 b,
Kepler-11 c,
Kepler-11 d,
Kepler-11 e,
Kepler-11 f,
Kepler-11 g,
Kepler-80 b,K5
Kepler-80 c,K5
Kepler-80 d,K5
Kepler-80 e,K5
Kepler-80 f,K5
Kepler-80 g,K5
TOI-1136 b,
TOI-1136 c,
TOI-1136 d,
TOI-1136 e,
TOI-1136 f,
TOI-1136 g,
TOI-178 b,K
TOI-178 c,K
TOI-178 d,K
TOI-178 e,K
TOI-178 f,K
TOI-178 g,K
HD 108236 b,G3 V
HD 108236 c,G3 V
HD 108236 d,G3 V
HD 108236 e,G3 V
HD 108236 f,G3 V
HD 158259 b,G0
HD 158259 c,G0
HD 158259 d,G0
HD 158259 e,G0
HD 158259 f,G0
HD 23472 b,K4 V
HD 23472 c,K4 V
HD 23472 d,K4 V
HD 23472 e,K4 V
HD 23472 f,K4 V
HD 40307 b,K2.5 V
HD 40307 c,K2.5 V
HD 40307 d,K2.5 V
HD 40307 f,K2.5 V
HD 40307 g,K2.5 V
HIP 41378 b,F6
HIP 41378 c,F6
HIP 41378 d,F6
HIP 41378 e,F6
HIP 41378 f,F6
K2-268 b,
K2-268 c,
K2-268 d,
K2-268 e,
K2-268 f,
K2-384 b,M4 V
K2-384 c,M4 V
K2-384 d,M4 V
K2-384 e,M4 V
K2-384 f,M4 V
Kepler-102 b,
Kepler-102 c,
Kepler-102 d,
Kepler-102 e,
Kepler-102 f,
Kepler-122 b,
Kepler-122 c,
Kepler-122 d,
Kepler-122 e,
Kepler-122 f,
Kepler-150 b,
Kepler-150 c,
Kepler-150 d,
Kepler-150 e,
Kepler-150 f,
Kepler-154 b,
Kepler-154 c,
Kepler-154 d,
Kepler-154 e,
Kepler-154 f,
Kepler-169 b,
Kepler-169 c,
Kepler-169 d,
Kepler-169 e,
Kepler-169 f,
Kepler-186 b,M1
Kepler-186 c,M1
Kepler-186 d,M1
Kepler-186 e,M1
Kepler-186 f,M1
Kepler-238 b,
Kepler-238 c,
Kepler-238 d,
Kepler-238 e,
Kepler-238 f,
Kepler-292 b,
Kepler-292 c,
Kepler-292 d,
Kepler-292 e,
Kepler-292 f,
Kepler-32 b,M1 V
Kepler-32 c,M1 V
Kepler-32 d,M1 V
Kepler-32 e,M1 V
Kepler-32 f,M1 V
Kepler-33 b,
Kepler-33 c,
Kepler-33 d,
Kepler-33 e,
Kepler-33 f,
Kepler-55 b,
Kepler-55 c,
Kepler-55 d,
Kepler-55 e,
Kepler-55 f,
Kepler-62 b,K2 V
Kepler-62 c,K2 V
Kepler-62 d,K2 V
Kepler-62 e,K2 V
Kepler-62 f,K2 V
Kepler-82 b,
Kepler-82 c,
Kepler-82 d,
Kepler-82 e,
Kepler-82 f,
Kepler-84 b,
Kepler-84 c,
Kepler-84 d,
Kepler-84 e,
Kepler-84 f,
TOI-561 b,G9 V
TOI-561 c,G9 V
TOI-561 d,G9 V
TOI-561 e,G9 V
TOI-561 f,G9 V
DMPP-1 b,F8 V
DMPP-1 c,F8 V
DMPP-1 d,F8 V
DMPP-1 e,F8 V
GJ 3293 b,M2.5
GJ 3293 c,M2.5
GJ 3293 d,M2.5
GJ 3293 e,M2.5
GJ 876 b,M4 V
GJ 876 c,M4 V
GJ 876 d,M4 V
GJ 876 e,M2.5V
HD 141399 b,K0
HD 141399 c,K0
HD 141399 d,K0
HD 141399 e,K0
HD 160691 b,G3 IV-V
HD 160691 c,G3 IV-V
HD 160691 d,G3 IV-V
HD 160691 e,G3 IV-V
HD 164922 b,G9 V
HD 164922 c,G9 V
HD 164922 d,G9 V
HD 164922 e,G9 V
HD 20794 b,G8 V
HD 20794 c,G8 V
HD 20794 d,G8 V
HD 20794 e,G8
HD 215152 b,K3 V
HD 215152 c,K3 V
HD 215152 d,K3 V
HD 215152 e,K3 V
HD 3167 b,K0 V
HD 3167 c,K0 V
HD 3167 d,K0 V
HD 3167 e,K0 V
HR 8799 b,A5 V
HR 8799 c,A5 V
HR 8799 d,A5 V
HR 8799 e,A5
K2-133 b,M1.5 V
K2-133 c,M1.5 V
K2-133 d,M1.5 V
K2-133 e,M1.5 V
K2-187 b,
K2-187 c,
K2-187 d,
K2-187 e,
K2-285 b,K2 V
K2-285 c,K2 V
K2-285 d,K2 V
K2-285 e,K2 V
K2-72 b,
K2-72 c,
K2-72 d,
K2-72 e,
KOI-1831 d,
Kepler-106 b,
Kepler-106 c,
Kepler-106 d,
Kepler-106 e,
Kepler-107 b,
Kepler-107 c,
Kepler-107 d,
Kepler-107 e,
Kepler-138 b,M1 V
Kepler-138 c,M1 V
Kepler-138 d,M1 V
Kepler-138 e,M1 V
Kepler-1388 b,
Kepler-1388 c,
Kepler-1388 d,
Kepler-1388 e,
Kepler-1542 b,
Kepler-1542 c,
Kepler-1542 d,
Kepler-1542 e,
Kepler-172 b,
Kepler-172 c,
Kepler-172 d,
Kepler-172 e,
Kepler-176 b,
Kepler-176 c,
Kepler-176 d,
Kepler-176 e,
Kepler-208 b,
Kepler-208 c,
Kepler-208 d,
Kepler-208 e,
Kepler-215 b,
Kepler-215 c,
Kepler-215 d,
Kepler-215 e,
Kepler-220 b,
Kepler-220 c,
Kepler-220 d,
Kepler-220 e,
Kepler-221 b,
Kepler-221 c,
Kepler-221 d,
Kepler-221 e,
Kepler-223 b,
Kepler-223 c,
Kepler-223 d,
Kepler-223 e,
Kepler-224 b,
Kepler-224 c,
Kepler-224 d,
Kepler-224 e,
Kepler-235 b,M0 V
Kepler-235 c,M0 V
Kepler-235 d,M0 V
Kepler-235 e,M0 V
Kepler-24 b,
Kepler-24 c,
Kepler-24 d,
Kepler-24 e,
Kepler-245 b,
Kepler-245 c,
Kepler-245 d,
Kepler-245 e,
Kepler-251 b,
Kepler-251 c,
Kepler-251 d,
Kepler-251 e,
Kepler-256 b,
Kepler-256 c,
Kepler-256 d,
Kepler-256 e,
Kepler-26 b,M0 V
Kepler-26 c,M0 V
Kepler-26 d,M0 V
Kepler-26 e,M0 V
Kepler-265 b,
Kepler-265 c,
Kepler-265 d,
Kepler-265 e,
Kepler-282 b,
Kepler-282 c,
Kepler-282 d,
Kepler-282 e,
Kepler-286 b,
Kepler-286 c,
Kepler-286 d,
Kepler-286 e,
Kepler-299 b,
Kepler-299 c,
Kepler-299 d,
Kepler-299 e,
Kepler-304 b,
Kepler-304 c,
Kepler-304 d,
Kepler-304 e,
Kepler-305 b,
Kepler-305 c,
Kepler-305 d,
Kepler-305 e,
Kepler-306 b,
Kepler-306 c,
Kepler-306 d,
Kepler-306 e,
Kepler-324 b,
Kepler-324 c,
Kepler-324 e,
Kepler-338 b,
Kepler-338 c,
Kepler-338 d,
Kepler-338 e,
Kepler-341 b,
Kepler-341 c,
Kepler-341 d,
Kepler-341 e,
Kepler-342 b,
Kepler-342 c,
Kepler-342 d,
Kepler-342 e,
Kepler-37 b,
Kepler-37 c,
Kepler-37 d,
Kepler-37 e,
Kepler-402 b,
Kepler-402 c,
Kepler-402 d,
Kepler-402 e,
Kepler-48 b,
Kepler-48 c,
Kepler-48 d,
Kepler-48 e,
Kepler-49 b,M1 V
Kepler-49 c,M1 V
Kepler-49 d,M1 V
Kepler-49 e,M1 V
Kepler-65 b,
Kepler-65 c,
Kepler-65 d,
Kepler-65 e,
Kepler-758 b,
Kepler-758 c,
Kepler-758 d,
Kepler-758 e,
Kepler-79 b,
Kepler-79 c,
Kepler-79 d,
Kepler-79 e,
Kepler-85 b,
Kepler-85 c,
Kepler-85 d,
Kepler-85 e,
L 98-59 b,M3 V
L 98-59 c,M3 V
L 98-59 d,M3 V
L 98-59 e,M3 V
TOI-1246 b,K V
TOI-1246 c,K V
TOI-1246 d,K V
TOI-1246 e,K V
TOI-500 b,K6 V
TOI-500 c,K6 V
TOI-500 d,K6 V
TOI-500 e,K6 V
TOI-700 b,M2.5 V
TOI-700 c,M2.5 V
TOI-700 d,M2.5 V
TOI-700 e,M2.5 V
V1298 Tau b,K0
V1298 Tau c,K0
V1298 Tau d,K0
V1298 Tau e,K0
WASP-47 b,
WASP-47 c,
WASP-47 d,
WASP-47 e,
tau Cet e,G8.5V
tau Cet f,G8.5V
tau Cet g,G8.5V
tau Cet h,G8.5V
47 UMa b,G0 V
47 UMa c,G1 V
47 UMa d,G0V
61 Vir b,G5 V
61 Vir c,G5 V
61 Vir d,G5 V
CoRoT-7 b,G9 V
CoRoT-7 c,G9 V
CoRoT-7 d,G9 V
EPIC 201754305 d,K3 V
EPIC 206024342 b,
EPIC 206024342 c,
EPIC 206024342 d,
EPIC 249893012 b,G8 IV/V
EPIC 249893012 c,G8 IV/V
EPIC 249893012 d,G8 IV/V
GJ 1061 b,M5.5 V
GJ 1061 c,M5.5 V
GJ 1061 d,M5.5 V
GJ 163 b,M
GJ 163 c,M
GJ 163 d,M
GJ 180 b,M2 V
GJ 180 c,M2 V
GJ 180 d,M3
GJ 3138 b,M0
GJ 3138 c,M0
GJ 3138 d,M0
GJ 357 b,M2.5 V
GJ 357 c,M2.5 V
GJ 357 d,M2.5 V
GJ 433 b,M1.5 V
GJ 433 c,M1.5 V
GJ 433 d,M2V
GJ 581 b,M3 V
GJ 581 c,M3 V
GJ 581 e,M3 V
GJ 9827 b,K6 V
GJ 9827 c,K6 V
GJ 9827 d,K6 V
HD 11506 b,G0 V
HD 11506 c,G0 V
HD 11506 d,G0 V
HD 136352 b,G4 V
HD 136352 c,G4 V
HD 136352 d,G4 V
HD 153557 b,K0
HD 153557 c,K0
HD 153557 d,K0
HD 181433 b,K3 IV
HD 181433 c,K3 IV
HD 181433 d,K3 IV
HD 184010 b,K0 III-IV
HD 184010 c,K0 III-IV
HD 184010 d,K0 III-IV
HD 204313 b,G5 V
HD 204313 c,G5 V
HD 204313 e,G5 V
HD 27894 b,K2 V
HD 27894 c,K2 V
HD 27894 d,K2 V
HD 28109 b,F8/G0 V
HD 28109 c,F8/G0 V
HD 28109 d,F8/G0 V
HD 31527 b,G2 V
HD 31527 c,G2 V
HD 31527 d,G2 V
HD 33142 b,K0 III
HD 33142 c,K0 III
HD 33142 d,K0 III
HD 37124 b,G4 V
HD 37124 c,G4 V
HD 37124 d,G4 V
HD 39091 b,G0 V
HD 39194 b,K0 V
HD 39194 c,K0 V
HD 39194 d,K0 V
HD 69830 b,K0V
HD 69830 c,K0V
HD 69830 d,K0V
HD 7924 b,K0.5 V
HD 7924 c,K0.5 V
HD 7924 d,K0.5 V
HD 93385 b,G2/G3 V
HD 93385 c,G2/G3 V
HD 93385 d,G2/G3 V
HD 96700 b,G0 V
HD 96700 c,G0 V
HD 96700 d,G0 V
HIP 14810 b,G5
HIP 14810 c,G5
HIP 14810 d,G5
HIP 57274 b,K4 V
HIP 57274 c,K4 V
HIP 57274 d,K4 V
K2-155 b,K7
K2-155 c,K7
K2-155 d,K7
K2-16 b,K3 V
K2-16 c,K3 V
K2-165 b,
K2-165 c,
K2-165 d,
K2-183 b,
K2-183 c,
K2-183 d,
K2-19 b,G9 V
K2-19 c,G9 V
K2-19 d,G9 V
K2-198 b,
K2-198 c,
K2-198 d,
K2-219 b,
K2-219 c,
K2-219 d,
K2-233 b,K3
K2-233 c,K3
K2-233 d,K3
K2-239 b,M3.0 V
K2-239 c,M3.0 V
K2-239 d,M3.0 V
K2-3 b,M0.0&plusmn0.5 V
K2-3 c,M0.0&plusmn0.5 V
K2-3 d,M0.0&plusmn0.5 V
K2-352 b,
K2-352 c,
K2-352 d,
K2-368 b,
K2-368 c,
K2-368 d,
K2-37 b,G3 V
K2-37 c,G3 V
K2-37 d,G3 V
K2-381 b,
K2-381 c,
K2-381 d,
K2-58 b,
K2-58 c,
K2-58 d,
K2-80 b,
K2-80 c,
K2-80 d,
KIC 10001893 b,
KIC 10001893 c,
KIC 10001893 d,
KIC 8540376 b,
KIC 8540376 c,
KOI-142 b,G6 V
KOI-142 c,G6 V
KOI-1833 d,
Kepler-100 b,
Kepler-100 c,
Kepler-100 d,
Kepler-1073 b,
Kepler-1073 c,
Kepler-1073 d,
Kepler-114 b,M0 V
Kepler-114 c,M0 V
Kepler-114 d,M0 V
Kepler-124 b,
Kepler-124 c,
Kepler-124 d,
Kepler-1254 b,
Kepler-1254 c,
Kepler-1254 d,
Kepler-126 b,
Kepler-126 c,
Kepler-126 d,
Kepler-127 b,
Kepler-127 c,
Kepler-127 d,
Kepler-129 b,G4 V
Kepler-129 c,G4 V
Kepler-129 d,G4 V
Kepler-1311 b,
Kepler-1311 c,
Kepler-1311 d,
Kepler-1321 b,
Kepler-1321 c,
Kepler-1321 d,
Kepler-142 b,
Kepler-142 c,
Kepler-142 d,
Kepler-1468 b,
Kepler-1468 c,
Kepler-1468 d,
Kepler-148 b,
Kepler-148 c,
Kepler-148 d,
Kepler-149 b,
Kepler-149 c,
Kepler-149 d,
Kepler-1530 b,
Kepler-1530 c,
Kepler-1530 d,
Kepler-157 b,
Kepler-157 c,
Kepler-157 d,
Kepler-160 b,
Kepler-160 c,
Kepler-160 d,
Kepler-164 b,
Kepler-164 c,
Kepler-164 d,
Kepler-166 b,
Kepler-166 c,
Kepler-166 d,
Kepler-171 b,
Kepler-171 c,
Kepler-171 d,
Kepler-174 b,
Kepler-174 c,
Kepler-174 d,
Kepler-178 b,
Kepler-178 c,
Kepler-178 d,
Kepler-18 b,
Kepler-18 c,
Kepler-18 d,
Kepler-184 b,
Kepler-184 c,
Kepler-184 d,
Kepler-19 b,
Kepler-19 c,
Kepler-19 d,
Kepler-191 b,
Kepler-191 c,
Kepler-191 d,
Kepler-192 b,
Kepler-192 c,
Kepler-192 d,
Kepler-194 b,
Kepler-194 c,
Kepler-194 d,
Kepler-196 b,
Kepler-196 c,
Kepler-196 d,
Kepler-198 b,
Kepler-198 c,
Kepler-198 d,
Kepler-203 b,
Kepler-203 c,
Kepler-203 d,
Kepler-206 b,
Kepler-206 c,
Kepler-206 d,
Kepler-207 b,
Kepler-207 c,
Kepler-207 d,
Kepler-217 b,
Kepler-217 c,
Kepler-217 d,
Kepler-218 b,
Kepler-218 c,
Kepler-218 d,
Kepler-219 b,
Kepler-219 c,
Kepler-219 d,
Kepler-222 b,
Kepler-222 c,
Kepler-222 d,
Kepler-226 b,
Kepler-226 c,
Kepler-226 d,
Kepler-228 b,
Kepler-228 c,
Kepler-228 d,
Kepler-229 b,
Kepler-229 c,
Kepler-229 d,
Kepler-23 b,
Kepler-23 c,
Kepler-23 d,
Kepler-244 b,
Kepler-244 c,
Kepler-244 d,
Kepler-247 b,
Kepler-247 c,
Kepler-247 d,
Kepler-249 b,M2 V
Kepler-249 c,M2 V
Kepler-249 d,M2 V
Kepler-250 b,
Kepler-250 c,
Kepler-250 d,
Kepler-253 b,
Kepler-253 c,
Kepler-253 d,
Kepler-254 b,
Kepler-254 c,
Kepler-254 d,
Kepler-255 b,
Kepler-255 c,
Kepler-255 d,
Kepler-257 b,
Kepler-257 c,
Kepler-257 d,
Kepler-267 b,M1 V
Kepler-267 c,M1 V
Kepler-267 d,M1 V
Kepler-27 b,
Kepler-27 c,
Kepler-27 d,
Kepler-271 b,
Kepler-271 c,
Kepler-271 d,
Kepler-272 b,
Kepler-272 c,
Kepler-272 d,
Kepler-275 b,
Kepler-275 c,
Kepler-275 d,
Kepler-276 b,
Kepler-276 c,
Kepler-276 d,
Kepler-279 b,
Kepler-279 c,
Kepler-279 d,
Kepler-281 b,
Kepler-281 c,
Kepler-281 d,
Kepler-288 b,
Kepler-288 c,
Kepler-288 d,
Kepler-289 b,
Kepler-289 c,
Kepler-289 d,
Kepler-295 b,
Kepler-295 c,
Kepler-295 d,
Kepler-298 b,
Kepler-298 c,
Kepler-298 d,
Kepler-30 b,
Kepler-30 c,
Kepler-30 d,
Kepler-301 b,
Kepler-301 c,
Kepler-301 d,
Kepler-31 b,
Kepler-31 c,
Kepler-31 d,
Kepler-310 b,
Kepler-310 c,
Kepler-310 d,
Kepler-319 b,
Kepler-319 c,
Kepler-319 d,
Kepler-325 b,
Kepler-325 c,
Kepler-325 d,
Kepler-326 b,
Kepler-326 c,
Kepler-326 d,
Kepler-327 b,
Kepler-327 c,
Kepler-327 d,
Kepler-331 b,
Kepler-331 c,
Kepler-331 d,
Kepler-332 b,
Kepler-332 c,
Kepler-332 d,
Kepler-334 b,
Kepler-334 c,
Kepler-334 d,
Kepler-336 b,
Kepler-336 c,
Kepler-336 d,
Kepler-339 b,
Kepler-339 c,
Kepler-339 d,
Kepler-350 b,
Kepler-350 c,
Kepler-350 d,
Kepler-351 b,
Kepler-351 c,
Kepler-351 d,
Kepler-352 b,
Kepler-352 c,
Kepler-352 d,
Kepler-354 b,
Kepler-354 c,
Kepler-354 d,
Kepler-357 b,
Kepler-357 c,
Kepler-357 d,
Kepler-359 b,
Kepler-359 c,
Kepler-359 d,
Kepler-363 b,
Kepler-363 c,
Kepler-363 d,
Kepler-372 b,
Kepler-372 c,
Kepler-372 d,
Kepler-374 b,
Kepler-374 c,
Kepler-374 d,
Kepler-381 b,
Kepler-381 c,
Kepler-381 d,
Kepler-385 b,
Kepler-385 c,
Kepler-385 d,
Kepler-394 b,
Kepler-394 c,
Kepler-394 d,
Kepler-398 b,
Kepler-398 c,
Kepler-398 d,
Kepler-399 b,
Kepler-399 c,
Kepler-399 d,
Kepler-401 b,
Kepler-401 c,
Kepler-401 d,
Kepler-403 b,
Kepler-403 c,
Kepler-403 d,
Kepler-42 b,M
Kepler-42 c,M
Kepler-42 d,M
Kepler-431 b,
Kepler-431 c,
Kepler-431 d,
Kepler-445 b,M4
Kepler-445 c,M4
Kepler-445 d,M4
Kepler-446 b,M4
Kepler-446 c,M4
Kepler-446 d,M4
Kepler-450 b,
Kepler-450 c,
Kepler-450 d,
Kepler-457 d,
Kepler-46 b,
Kepler-46 c,
Kepler-46 d,
Kepler-487 b,
Kepler-487 c,
Kepler-487 d,
Kepler-51 b,
Kepler-51 c,
Kepler-51 d,
Kepler-52 b,M0 V
Kepler-52 c,M0 V
Kepler-52 d,M0 V
Kepler-529 b,
Kepler-529 c,
Kepler-529 d,
Kepler-53 b,
Kepler-53 c,
Kepler-53 d,
Kepler-54 b,M1 V
Kepler-54 c,M1 V
Kepler-54 d,M1 V
Kepler-56 b,
Kepler-56 c,
Kepler-56 d,
Kepler-58 b,
Kepler-58 c,
Kepler-58 d,
Kepler-60 b,
Kepler-60 c,
Kepler-60 d,
Kepler-603 b,
Kepler-603 c,
Kepler-603 d,
Kepler-616 b,
Kepler-616 c,
Kepler-616 d,
Kepler-770 b,
Kepler-770 c,
Kepler-770 d,
Kepler-81 b,M0 V
Kepler-81 c,M0 V
Kepler-81 d,M0 V
Kepler-88 d,G6 V
Kepler-9 b,
Kepler-9 c,
Kepler-9 d,
Kepler-92 b,
Kepler-92 c,
Kepler-92 d,
Kepler-968 b,
Kepler-968 c,
PSR B1257+12 b,
PSR B1257+12 c,
PSR B1257+12 d,
TOI-125 b,K0 V
TOI-125 c,K0 V
TOI-125 d,K0 V
TOI-1260 b,K6 V
TOI-1260 c,K6 V
TOI-1260 d,K6 V
TOI-1749 b,M0 V
TOI-1749 c,M0 V
TOI-1749 d,M0 V
TOI-2076 b,K
TOI-2076 c,K
TOI-2076 d,K
TOI-270 b,M
TOI-270 c,M
TOI-270 d,M
TOI-431 b,
TOI-431 c,
TOI-431 d,
TOI-712 b,K4.5 V
TOI-712 c,K4.5 V
TOI-712 d,K4.5 V
Wolf 1061 b,M3.5
Wolf 1061 c,M3.5
Wolf 1061 d,M3.5
YZ Cet b,M4.5 V
YZ Cet c,M4.5 V
YZ Cet d,M4.5 V
pi Men c,G0 V
pi Men d,G0 V
14 Her b,K0 V
24 Sex b,K0 IV
24 Sex c,K0 IV
7 CMa b,K1 III
7 CMa c,K1III(+M)
AU Mic b,M1
AU Mic c,M1
BD+20 2457 b,K2 II
BD+20 2457 c,K2 II
BD-06 1339 b,K7/M0 V
BD-06 1339 c,K7/M0 V
BD-08 2823 b,K3 V
BD-08 2823 c,K3 V
BD-11 4672 b,K7 V
BD-11 4672 c,K7V
CoRoT-20 b,G2 V
CoRoT-20 c,G2 V
CoRoT-24 b,K1 V
CoRoT-24 c,K1 V
EPIC 201615463 c,
EPIC 201833600 c,
EPIC 205950854 c,
EPIC 206042996 b,
EPIC 206042996 c,
EPIC 206317286 b,
EPIC 206317286 c,
EPIC 212297394 b,
EPIC 212297394 c,
EPIC 212587672 b,
EPIC 212587672 c,
EPIC 212624936 b,
EPIC 212624936 c,
EPIC 212737443 b,K3
EPIC 212737443 c,K3
EPIC 220554210 c,
EPIC 220674823 b,G5 V
EPIC 220674823 c,G5 V
G 264-012 b,M4.0 V
G 264-012 c,M4.0 V
GJ 1002 b,M5.5 V
GJ 1002 c,M5.5 V
GJ 1132 b,M4.5 V
GJ 1132 c,M4.5 V
GJ 1148 b,M5
GJ 1148 c,M5
GJ 143 b,K4.5
GJ 2030 b,
GJ 2030 c,
GJ 273 b,M3.5
GJ 273 c,M3.5
GJ 317 b,M2.5 V
GJ 317 c,M2.5 V
GJ 3323 b,M4
GJ 3323 c,M4
GJ 3512 b,M5.5 V
GJ 3512 c,M5.5 V
GJ 3929 b,M3.5 V
GJ 3929 c,M3.5 V
GJ 3998 b,M1
GJ 3998 c,M1
GJ 411 b,M1.5 V
GJ 682 b,M3.5 V
GJ 682 c,M3.5 V
GJ 687 b,M3 V
GJ 687 c,M3.0V
GJ 849 b,M3.5
GJ 849 c,M3.5
GJ 887 b,M1 V
GJ 887 c,M1 V
HAT-P-11 b,K4
HAT-P-11 c,K4
HAT-P-13 b,G4
HAT-P-13 c,G4
HAT-P-17 b,K
HAT-P-17 c,K
HAT-P-44 b,
HAT-P-44 c,
HATS-59 b,
HATS-59 c,
HD 102329 b,K0 III
HD 102329 c,K0 III
HD 105618 b,
HD 105618 c,
HD 106315 b,F5 V
HD 106315 c,F5 V
HD 108874 b,G5
HD 108874 c,G5
HD 109271 b,G5 V
HD 109271 c,G5 V
HD 109833 b,
HD 109833 c,
HD 110113 b,G
HD 110113 c,G
HD 111232 b,G5 V
HD 111232 c,G8V
HD 113337 b,F6 V
HD 113337 c,F6 V
HD 113538 b,K9 V
HD 113538 c,K9 V
HD 114783 b,K0
HD 114783 c,K1V
HD 115404 A b,K2V
HD 115404 A c,K2V
HD 12235 b,
HD 12235 c,
HD 12661 b,K0
HD 12661 c,K0
HD 128311 b,K0
HD 128311 c,K0
HD 134060 b,G3 IV
HD 134060 c,G3 IV
HD 134987 b,G5 V
HD 134987 c,G5 V
HD 137496 b,G
HD 137496 c,G
HD 13808 b,K2 V
HD 13808 c,K2 V
HD 13908 b,F8 V
HD 13908 c,F8 V
HD 140901 b,G6IV
HD 140901 c,G6IV
HD 145675 c,K0V
HD 1461 b,G0 V
HD 1461 c,G0 V
HD 147018 b,G9 V
HD 147018 c,G9 V
HD 148164 b,F8
HD 148164 c,F8
HD 151450 b,
HD 151450 c,
HD 152843 b,G0
HD 152843 c,G0
HD 15337 b,K1 V
HD 15337 c,K1 V
HD 154857 b,G5 V
HD 154857 c,G5 V
HD 155358 b,G0
HD 155358 c,G0
HD 155918 b,G2V
HD 155918 c,G2V
HD 156098 b,
HD 156098 c,
HD 156279 b,G6
HD 156279 c,G6
HD 156668 b,K2
HD 156668 c,K2
HD 159243 b,G0 V
HD 159243 c,G0 V
HD 159868 b,G5 V
HD 159868 c,G5 V
HD 1605 b,K1 IV
HD 1605 c,K1 IV
HD 163607 b,G5
HD 163607 c,G5
HD 168443 b,G5
HD 168443 c,G5
HD 169830 b,F8 V
HD 169830 c,F8 V
HD 176986 b,K2.5 V
HD 176986 c,K2.5 V
HD 18143 b,K2
HD 18143 c,K2
HD 183263 b,G2 IV
HD 183263 c,G2 IV
HD 187123 b,G3 V
HD 187123 c,G3 V
HD 189567 b,G3 V
HD 189567 c,G3 V
HD 192310 b,K3V
HD 192310 c,K3V
HD 20003 b,G8 V
HD 20003 c,G8 V
HD 200964 b,G8 IV
HD 200964 c,G8 IV
HD 202696 b,K0 III-IV
HD 202696 c,K0 III-IV
HD 203387 b,
HD 203387 c,
HD 206893 b,F5 V
HD 206893 c,F5 V
HD 213885 b,G
HD 213885 c,G
HD 215497 b,K3 V
HD 215497 c,K3 V
HD 216520 b,K2
HD 216520 c,K2
HD 21693 b,G8 V
HD 21693 c,G8 V
HD 217107 b,G8 IV
HD 217107 c,G8 IV
HD 21749 c,K4.5
HD 219828 b,G0 IV
HD 219828 c,G0 IV
HD 24040 b,G0 V
HD 24040 c,G0 V
HD 25912 b,
HD 25912 c,
HD 260655 b,M0 V
HD 260655 c,M0 V
HD 28185 b,G5
HD 28185 c,G5
HD 30177 b,G8 V
HD 30177 c,G8 V
HD 33844 b,K0 III
HD 33844 c,K0 III
HD 37605 b,K0
HD 37605 c,K0
HD 4203 b,G5
HD 4203 c,G5
HD 43197 b,G8 V
HD 43197 c,G8 V
HD 45184 b,G1.5 V
HD 45184 c,G1.5 V
HD 45364 b,K0 V
HD 45364 c,K0 V
HD 47186 b,G6 V
HD 47186 c,G6 V
HD 47366 b,K1 III
HD 47366 c,K1 III
HD 50499 b,G1 V
HD 50499 c,G1 V
HD 51608 b,G7 V
HD 51608 c,G7 V
HD 5278 b,F V
HD 5278 c,F V
HD 5319 b,G5
HD 5319 c,G5
HD 60532 b,F6 IV
HD 60532 c,F6 IV
HD 62364 b,
HD 62364 c,
HD 63433 b,G5IV
HD 63433 c,G5IV
HD 63935 b,
HD 63935 c,
HD 66428 b,G8 IV (+ G)
HD 66428 c,G8 IV (+ G)
HD 67087 b,F8 V
HD 67087 c,F8 V
HD 68988 b,G2 V
HD 68988 c,G2 V
HD 72659 b,G2 V
HD 72659 c,G2 V
HD 73267 b,G5 V
HD 73267 c,G5 V
HD 73526 b,G6 V
HD 73526 c,G6 V
HD 73583 b,K4 V
HD 73583 c,K4 V
HD 74156 b,G0
HD 74156 c,G0
HD 75784 b,G5
HD 75784 c,G5
HD 81817 b,K3 III
HD 81817 c,K3 III
HD 82943 b,G2/3V
HD 82943 c,G2/3V
HD 83443 b,K0 V
HD 83443 c,K0 V
HD 86226 b,G1 V
HD 86226 c,G1 V
HD 92788 b,G6 V
HD 92788 c,G6 V
HD 93351 b,
HD 93351 c,
HD 9446 b,G5 V
HD 9446 c,G5 V
HD 95089 b,G8/K0 IV
HD 95089 c,G8/K0 IV
HD 95735 c,M1.5 V
HD 99706 b,K0
HD 99706 c,K0
HIP 19976 b,
HIP 19976 c,
HIP 38594 b,M0
HIP 38594 c,M0
HIP 5158 b,
HIP 5158 c,
HIP 54373 b,K5 V
HIP 54373 c,K5 V
HIP 65407 b,K0
HIP 65407 c,K0
HIP 67851 b,K0 III
HIP 67851 c,K0 III
HIP 97166 b,K0 V
HIP 97166 c,K0 V
K2-111 b,G2
K2-111 c,G2
K2-117 b,M1.0 V
K2-117 c,M1.0 V
K2-141 b,K7 V
K2-141 c,K7 V
K2-146 b,M3.0 V
K2-146 c,M3.0 V
K2-154 b,M0.0 V
K2-154 c,M0.0 V
K2-158 b,
K2-158 c,
K2-166 b,
K2-168 b,
K2-170 b,
K2-170 c,
K2-172 b,
K2-172 c,
K2-18 b,M2.5 V
K2-18 c,M2.5 V
K2-185 b,
K2-185 c,
K2-188 b,
K2-188 c,
K2-189 b,
K2-189 c,
K2-190 b,
K2-190 c,
K2-195 b,
K2-195 c,
K2-199 b,
K2-199 c,
K2-201 b,
K2-201 c,
K2-21 b,M0.0
K2-21 c,M0.0
K2-223 b,
K2-223 c,
K2-224 b,
K2-224 c,
K2-229 b,G9
K2-229 c,G9
K2-24 b,G9 V
K2-24 c,G9 V
K2-240 b,M0.5 V
K2-240 c,M0.5 V
K2-243 b,
K2-243 c,
K2-247 b,
K2-247 c,
K2-254 b,
K2-254 c,
K2-264 b,M2.5 V
K2-264 c,M2.5 V
K2-270 b,
K2-270 c,
K2-275 b,
K2-275 c,
K2-282 b,
K2-316 b,
K2-316 c,
K2-331 b,
K2-331 c,
K2-343 b,
K2-343 c,
K2-348 b,
K2-348 c,
K2-35 b,K4 V
K2-35 c,K4 V
K2-350 b,
K2-350 c,
K2-36 b,K2 V
K2-36 c,K2 V
K2-374 b,G3
K2-374 c,G3
K2-38 b,G2 V
K2-38 c,G2 V
K2-389 b,G3
K2-389 c,G3
K2-395 b,K0
K2-395 c,K0
K2-396 b,G9
K2-396 c,G9
K2-398 b,G2
K2-398 c,G2
K2-407 b,G4
K2-407 c,G4
K2-413 b,
K2-413 c,
K2-414 b,
K2-414 c,
K2-43 b,
K2-43 c,
K2-5 b,K7.5 V
K2-5 c,K7.5 V
K2-50 b,
K2-59 b,
K2-59 c,
K2-62 b,
K2-62 c,
K2-63 b,
K2-63 c,
K2-75 b,
K2-75 c,
K2-8 b,K3 V
K2-8 c,K3 V
K2-83 b,
K2-83 c,
K2-84 b,
K2-84 c,
K2-90 b,
K2-90 c,
KELT-6 b,F8
KELT-6 c,F8
KIC 5437945 b,
KIC 9663113 b,
KMT-2020-BLG-0414L b,
KMT-2020-BLG-0414L c,
KMT-2021-BLG-1077L b,M V
KMT-2021-BLG-1077L c,M V
KOI-12 b,
KOI-1599.01,
KOI-1599.02,
KOI-1783.01,
KOI-1783.02,
KOI-3503 b,
KOI-3503 c,
KOI-55 b,B
KOI-55 c,B
KOI-984 b,
KOI-984 c,
Kepler-10 b,
Kepler-10 c,
Kepler-1001 b,
Kepler-1001 c,
Kepler-101 b,G3 IV
Kepler-101 c,G3 IV
Kepler-1016 b,
Kepler-1016 c,
Kepler-103 b,
Kepler-103 c,
Kepler-1038 b,
Kepler-1038 c,
Kepler-1047 b,
Kepler-1047 c,
Kepler-105 b,
Kepler-105 c,
Kepler-1050 b,
Kepler-1050 c,
Kepler-1065 b,
Kepler-1065 c,
Kepler-1067 b,
Kepler-1067 c,
Kepler-1085 b,
Kepler-1085 c,
Kepler-109 b,
Kepler-109 c,
Kepler-1090 b,
Kepler-1090 c,
Kepler-1093 b,
Kepler-1093 c,
Kepler-110 b,
Kepler-110 c,
Kepler-111 b,
Kepler-111 c,
Kepler-112 b,
Kepler-112 c,
Kepler-1129 b,
Kepler-1129 c,
Kepler-113 b,
Kepler-113 c,
Kepler-1143 b,
Kepler-1143 c,
Kepler-115 b,
Kepler-115 c,
Kepler-1154 b,
Kepler-1154 c,
Kepler-116 b,
Kepler-116 c,
Kepler-1165 b,
Kepler-1165 c,
Kepler-117 b,F8 V
Kepler-117 c,F8 V
Kepler-118 b,
Kepler-118 c,
Kepler-119 b,
Kepler-119 c,
Kepler-120 b,M0 V
Kepler-120 c,M0 V
Kepler-121 b,
Kepler-121 c,
Kepler-123 b,
Kepler-123 c,
Kepler-1245 b,
Kepler-1245 c,
Kepler-125 b,M1 V
Kepler-125 c,M1 V
Kepler-1266 b,
Kepler-1266 c,
Kepler-128 b,
Kepler-128 c,
Kepler-131 b,
Kepler-131 c,
Kepler-1312 b,
Kepler-1312 c,
Kepler-1315 b,
Kepler-1315 c,
Kepler-1322 b,
Kepler-1322 c,
Kepler-133 b,
Kepler-133 c,
Kepler-1336 b,
Kepler-1336 c,
Kepler-134 b,
Kepler-134 c,
Kepler-135 b,
Kepler-135 c,
Kepler-1350 b,
Kepler-1350 c,
Kepler-1365 b,
Kepler-1365 c,
Kepler-137 b,
Kepler-137 c,
Kepler-1370 b,
Kepler-1370 c,
Kepler-1371 b,
Kepler-1371 c,
Kepler-139 b,
Kepler-139 c,
Kepler-1398 b,
Kepler-1398 c,
Kepler-140 b,
Kepler-140 c,
Kepler-141 b,
Kepler-141 c,
Kepler-143 b,
Kepler-143 c,
Kepler-144 b,
Kepler-144 c,
Kepler-145 b,
Kepler-145 c,
Kepler-146 b,
Kepler-146 c,
Kepler-1464 b,
Kepler-1464 c,
Kepler-147 b,
Kepler-147 c,
Kepler-1488 b,
Kepler-1488 c,
Kepler-151 b,
Kepler-151 c,
Kepler-1514 b,
Kepler-1514 c,
Kepler-152 b,
Kepler-152 c,
Kepler-153 b,
Kepler-153 c,
Kepler-155 b,M0 V
Kepler-155 c,M0 V
Kepler-156 b,
Kepler-156 c,
Kepler-158 b,
Kepler-158 c,
Kepler-159 b,M0 V
Kepler-159 c,M0 V
Kepler-1600 b,
Kepler-1600 c,
Kepler-161 b,
Kepler-161 c,
Kepler-162 b,
Kepler-162 c,
Kepler-163 b,
Kepler-163 c,
Kepler-1641 b,
Kepler-1641 c,
Kepler-1642 b,
Kepler-1642 c,
Kepler-1649 b,
Kepler-1649 c,
Kepler-165 b,
Kepler-165 c,
Kepler-1656 b,
Kepler-1656 c,
Kepler-1666 b,
Kepler-1666 c,
Kepler-1669 b,
Kepler-1669 c,
Kepler-168 b,
Kepler-168 c,
Kepler-1693 b,
Kepler-1693 c,
Kepler-170 b,
Kepler-170 c,
Kepler-1705 b,
Kepler-1705 c,
Kepler-173 b,
Kepler-173 c,
Kepler-175 b,
Kepler-175 c,
Kepler-177 b,
Kepler-177 c,
Kepler-179 b,
Kepler-179 c,
Kepler-180 b,
Kepler-180 c,
Kepler-1802 b,
Kepler-1802 c,
Kepler-181 b,
Kepler-181 c,
Kepler-182 b,
Kepler-182 c,
Kepler-183 b,
Kepler-183 c,
Kepler-185 b,
Kepler-185 c,
Kepler-187 b,
Kepler-187 c,
Kepler-188 b,
Kepler-188 c,
Kepler-189 b,
Kepler-189 c,
Kepler-190 b,
Kepler-190 c,
Kepler-1907 b,
Kepler-1907 c,
Kepler-193 b,
Kepler-193 c,
Kepler-195 b,
Kepler-195 c,
Kepler-1972 b,
Kepler-1972 c,
Kepler-199 b,
Kepler-199 c,
Kepler-200 b,
Kepler-200 c,
Kepler-201 b,
Kepler-201 c,
Kepler-202 b,
Kepler-202 c,
Kepler-204 b,
Kepler-204 c,
Kepler-205 b,M1 V
Kepler-205 c,M1 V
Kepler-209 b,
Kepler-209 c,
Kepler-210 b,M0 V
Kepler-210 c,M0 V
Kepler-211 b,
Kepler-211 c,
Kepler-212 b,
Kepler-212 c,
Kepler-213 b,
Kepler-213 c,
Kepler-214 b,
Kepler-214 c,
Kepler-216 b,
Kepler-216 c,
Kepler-225 b,M1 V
Kepler-225 c,M1 V
Kepler-227 b,
Kepler-227 c,
Kepler-230 b,
Kepler-230 c,
Kepler-231 b,M1 V
Kepler-231 c,M1 V
Kepler-232 b,
Kepler-232 c,
Kepler-233 b,
Kepler-233 c,
Kepler-234 b,
Kepler-234 c,
Kepler-236 b,M1 V
Kepler-236 c,M1 V
Kepler-237 b,
Kepler-237 c,
Kepler-239 b,
Kepler-239 c,
Kepler-240 b,
Kepler-240 c,
Kepler-241 b,
Kepler-241 c,
Kepler-242 b,
Kepler-242 c,
Kepler-243 b,
Kepler-243 c,
Kepler-246 b,
Kepler-246 c,
Kepler-248 b,
Kepler-248 c,
Kepler-252 b,M0 V
Kepler-252 c,M0 V
Kepler-258 b,
Kepler-258 c,
Kepler-259 b,
Kepler-259 c,
Kepler-260 b,
Kepler-260 c,
Kepler-261 b,
Kepler-261 c,
Kepler-262 b,
Kepler-262 c,
Kepler-263 b,
Kepler-263 c,
Kepler-264 b,
Kepler-264 c,
Kepler-266 b,
Kepler-266 c,
Kepler-268 b,
Kepler-268 c,
Kepler-269 b,
Kepler-269 c,
Kepler-270 b,
Kepler-270 c,
Kepler-273 b,
Kepler-273 c,
Kepler-274 b,
Kepler-274 c,
Kepler-277 b,
Kepler-277 c,
Kepler-278 b,
Kepler-278 c,
Kepler-28 b,M0 V
Kepler-28 c,M0 V
Kepler-280 b,
Kepler-280 c,
Kepler-283 b,
Kepler-283 c,
Kepler-284 b,
Kepler-284 c,
Kepler-285 b,
Kepler-285 c,
Kepler-287 b,K7 V
Kepler-287 c,K7 V
Kepler-29 b,
Kepler-29 c,
Kepler-290 b,
Kepler-290 c,
Kepler-291 b,
Kepler-291 c,
Kepler-293 b,
Kepler-293 c,
Kepler-294 b,
Kepler-294 c,
Kepler-297 b,
Kepler-297 c,
Kepler-300 b,
Kepler-300 c,
Kepler-302 b,
Kepler-302 c,
Kepler-303 b,M0 V
Kepler-303 c,M0 V
Kepler-307 b,
Kepler-307 c,
Kepler-308 b,
Kepler-308 c,
Kepler-309 b,M0 V
Kepler-309 c,M0 V
Kepler-311 b,
Kepler-311 c,
Kepler-312 b,
Kepler-312 c,
Kepler-313 b,
Kepler-313 c,
Kepler-314 b,
Kepler-314 c,
Kepler-315 b,
Kepler-315 c,
Kepler-316 b,
Kepler-316 c,
Kepler-317 b,
Kepler-317 c,
Kepler-318 b,
Kepler-318 c,
Kepler-320 b,
Kepler-320 c,
Kepler-321 b,
Kepler-321 c,
Kepler-322 b,
Kepler-322 c,
Kepler-323 b,
Kepler-323 c,
Kepler-328 b,
Kepler-328 c,
Kepler-329 b,
Kepler-329 c,
Kepler-330 b,
Kepler-330 c,
Kepler-335 b,
Kepler-335 c,
Kepler-337 b,
Kepler-337 c,
Kepler-340 b,
Kepler-340 c,
Kepler-343 b,
Kepler-343 c,
Kepler-344 b,
Kepler-344 c,
Kepler-345 b,
Kepler-345 c,
Kepler-346 b,
Kepler-346 c,
Kepler-347 b,
Kepler-347 c,
Kepler-348 b,
Kepler-348 c,
Kepler-349 b,
Kepler-349 c,
Kepler-355 b,
Kepler-355 c,
Kepler-356 b,
Kepler-356 c,
Kepler-358 b,
Kepler-358 c,
Kepler-36 b,
Kepler-36 c,
Kepler-360 b,
Kepler-360 c,
Kepler-361 b,
Kepler-361 c,
Kepler-362 b,
Kepler-362 c,
Kepler-364 b,
Kepler-364 c,
Kepler-365 b,
Kepler-365 c,
Kepler-366 b,
Kepler-366 c,
Kepler-367 b,
Kepler-367 c,
Kepler-368 b,
Kepler-368 c,
Kepler-369 b,
Kepler-369 c,
Kepler-370 b,
Kepler-370 c,
Kepler-371 b,
Kepler-371 c,
Kepler-373 b,
Kepler-373 c,
Kepler-375 b,
Kepler-375 c,
Kepler-376 b,
Kepler-376 c,
Kepler-377 b,
Kepler-377 c,
Kepler-378 b,
Kepler-378 c,
Kepler-379 b,
Kepler-379 c,
Kepler-380 b,
Kepler-380 c,
Kepler-382 b,
Kepler-382 c,
Kepler-383 b,
Kepler-383 c,
Kepler-384 b,
Kepler-384 c,
Kepler-386 b,
Kepler-386 c,
Kepler-387 b,
Kepler-387 c,
Kepler-388 b,
Kepler-388 c,
Kepler-389 b,
Kepler-389 c,
Kepler-391 b,
Kepler-391 c,
Kepler-392 b,
Kepler-392 c,
Kepler-393 b,
Kepler-393 c,
Kepler-395 b,
Kepler-395 c,
Kepler-396 b,
Kepler-396 c,
Kepler-397 b,
Kepler-397 c,
Kepler-400 b,
Kepler-400 c,
Kepler-404 b,
Kepler-404 c,
Kepler-405 b,
Kepler-405 c,
Kepler-406 b,
Kepler-406 c,
Kepler-407 b,
Kepler-407 c,
Kepler-414 b,
Kepler-414 c,
Kepler-415 b,
Kepler-415 c,
Kepler-416 b,
Kepler-416 c,
Kepler-417 b,
Kepler-417 c,
Kepler-418 b,
Kepler-418 c,
Kepler-419 b,
Kepler-419 c,
Kepler-424 b,
Kepler-424 c,
Kepler-430 b,
Kepler-430 c,
Kepler-436 b,
Kepler-436 c,
Kepler-448 c,
Kepler-449 b,
Kepler-449 c,
Kepler-458 c,
Kepler-460 c,
Kepler-462 b,
Kepler-462 c,
Kepler-466 b,
Kepler-466 c,
Kepler-495 b,
Kepler-495 c,
Kepler-50 b,
Kepler-50 c,
Kepler-501 b,
Kepler-501 c,
Kepler-511 b,
Kepler-511 c,
Kepler-520 b,
Kepler-520 c,
Kepler-524 b,
Kepler-524 c,
Kepler-534 b,
Kepler-534 c,
Kepler-539 b,G2 V
Kepler-539 c,G2 V
Kepler-549 b,
Kepler-549 c,
Kepler-553 b,
Kepler-553 c,
Kepler-561 b,
Kepler-561 c,
Kepler-57 b,
Kepler-57 c,
Kepler-589 b,
Kepler-589 c,
Kepler-59 b,
Kepler-59 c,
Kepler-595 b,
Kepler-595 c,
Kepler-598 b,
Kepler-598 c,
Kepler-605 b,
Kepler-605 c,
Kepler-607 b,
Kepler-607 c,
Kepler-610 b,
Kepler-610 c,
Kepler-619 b,
Kepler-619 c,
Kepler-625 b,
Kepler-625 c,
Kepler-633 b,
Kepler-633 c,
Kepler-647 b,
Kepler-647 c,
Kepler-653 b,
Kepler-653 c,
Kepler-69 b,G4 V
Kepler-69 c,G4 V
Kepler-712 b,
Kepler-712 c,
Kepler-716 b,
Kepler-716 c,
Kepler-722 b,
Kepler-722 c,
Kepler-730 b,
Kepler-730 c,
Kepler-732 b,
Kepler-732 c,
Kepler-750 b,
Kepler-750 c,
Kepler-760 b,
Kepler-760 c,
Kepler-769 b,
Kepler-769 c,
Kepler-783 b,
Kepler-783 c,
Kepler-799 b,
Kepler-799 c,
Kepler-804 b,
Kepler-804 c,
Kepler-825 b,
Kepler-825 c,
Kepler-87 b,
Kepler-87 c,
Kepler-887 b,
Kepler-887 c,
Kepler-903 b,
Kepler-903 c,
Kepler-913 b,
Kepler-913 c,
Kepler-920 b,
Kepler-920 c,
Kepler-93 b,
Kepler-93 c,
Kepler-937 b,
Kepler-937 c,
Kepler-94 b,M0 V
Kepler-94 c,M0 V
Kepler-953 b,
Kepler-953 c,
Kepler-967 b,
Kepler-967 c,
Kepler-969 b,
Kepler-969 c,
Kepler-97 b,
Kepler-97 c,
Kepler-990 b,
Kepler-990 c,
LHS 1140 b,M4.5 V
LHS 1140 c,M4.5 V
LP 791-18 b,M(6.1+/-0.7) V
LP 791-18 c,M(6.1+/-0.7) V
LP 890-9 b,M6 V
LP 890-9 c,M6 V
LkCa 15 b,
LkCa 15 c,
OGLE-2006-BLG-109L b,
OGLE-2006-BLG-109L c,
OGLE-2012-BLG-0026L b,G5 V
OGLE-2012-BLG-0026L c,G5 V
OGLE-2014-BLG-1722L b,
OGLE-2014-BLG-1722L c,
OGLE-2018-BLG-1011L b,
OGLE-2018-BLG-1011L c,
PDS 70 b,K7
PDS 70 c,K7
TOI-1062 b,G9 V
TOI-1062 c,G9 V
TOI-1064 b,
TOI-1064 c,
TOI-1130 b,K7
TOI-1130 c,K7
TOI-1266 b,M3
TOI-1266 c,M3
TOI-1272 b,
TOI-1272 c,
TOI-1288 b,G V
TOI-1288 c,G V
TOI-1444 b,
TOI-1444 c,
TOI-1468 b,M3.0 V
TOI-1468 c,M3.0 V
TOI-1670 b,F7 V
TOI-1670 c,F7 V
TOI-216.01,
TOI-216.02,
TOI-2202 b,K8 V
TOI-2202 c,K8 V
TOI-411 b,F7/F8V
TOI-411 c,F7/F8V
TOI-763 b,G
TOI-763 c,G
TOI-776 b,M1 V
TOI-776 c,M1 V
TOI-969 b,K V
TOI-969 c,K V
TYC 1422-614-1 b,
TYC 1422-614-1 c,
TYC 8998-760-1 b,K3 IV
TYC 8998-760-1 c,K3 IV
Teegarden's Star b,M7.0 V
Teegarden's Star c,M7.0 V
WASP-107 b,K6
WASP-107 c,K6
WASP-126 b,G2
WASP-126 c,G2
WASP-132 b,K4
WASP-132 c,K4
WASP-148 b,G
WASP-148 c,G
WASP-41 b,
WASP-41 c,
WASP-53 b,
WASP-53 c,
bet Pic b,A5V
bet Pic c,A5V
gam Lib b,K0 III
gam Lib c,K0 III
iot Dra b,K2 III
iot Dra c,K2 III
nu Oph b,K0 III
nu Oph c,K0 III
rho CrB b,G0 V
rho CrB c,G0 V
11 UMi b,K4 III
14 And b,K0 III
17 Sco b,K3 III
1RXS J160929.1-210524 b,K7 V
24 Boo b,G3 IV
2M0437 b,M V
2MASS J01225093-2439505 b,M3.5 V
2MASS J02192210-3925225 b,M6
2MASS J04414489+2301513 b,M8.5
2MASS J12073346-3932539 b,M8
2MASS J22362452+4751425 b,K7 V
4 UMa b,K1 III
51 Peg b,G5V
6 Lyn b,K0 IV
70 Vir b,G5V
8 UMi b,K0
81 Cet b,G5 III
AB Aur b,
AB Pic b,K2 V
BD+03 2562 b,
BD+14 4559 b,K2 V
BD+15 2375 b,G5
BD+15 2940 b,K0
BD+20 274 b,K5 III
BD+20 594 b,G
BD+45 564 b,K1
BD+48 738 b,K0 III
BD+48 740 b,K3 III
BD+49 828 b,K0
BD+55 362 b,K3
BD+60 1417 b,K0
BD+63 1405 b,K0
BD-00 4475 b,G0
BD-10 3166 b,K0 V
BD-13 2130 b,G5 IV/V
BD-17 63 b,K5 V
CD Cet b,M5.0 V
CFBDSIR J145829+101343 b,
CFHTWIR-Oph 98 b,M9-L1
CHXR 73 b,M3.5
CI Tau b,K7
COCONUTS-2 b,M3 V
CT Cha b,K5e
CoRoT-1 b,G0 V
CoRoT-10 b,K1 V
CoRoT-11 b,F6 V
CoRoT-12 b,
CoRoT-13 b,G0 V
CoRoT-14 b,F9 V
CoRoT-16 b,G5 V
CoRoT-17 b,G2 V
CoRoT-18 b,G9 V
CoRoT-19 b,F9 V
CoRoT-21 b,F8 IV
CoRoT-22 b,G3 V
CoRoT-23 b,G0 V
CoRoT-25 b,F9
CoRoT-26 b,G5
CoRoT-27 b,G2
CoRoT-28 b,G8/9 IV
CoRoT-29 b,K0 V
CoRoT-3 b,F3 V
CoRoT-30 b,G3 V
CoRoT-31 b,G2 IV
CoRoT-35 b,F6 V
CoRoT-36 b,F3 V
CoRoT-4 b,
CoRoT-5 b,F9 V
CoRoT-6 b,F9 V
CoRoT-8 b,K1 V
CoRoTID 223977153 b,G0 VI
DENIS-P J082303.1-491201 b,L1.5
DH Tau b,M0.5
DMPP-2 b,F5 V
EPIC 201170410.02,
EPIC 201238110 b,
EPIC 201427007 b,
EPIC 201497682 b,
EPIC 201595106 b,
EPIC 201757695.02,
EPIC 201841433 b,
EPIC 206032309 b,
EPIC 206215704 b,
EPIC 211822797 b,M0
EPIC 211945201 b,G0
EPIC 212424622 b,
EPIC 212499991 b,
EPIC 220492298 b,
EPIC 228836835 b,
EPIC 248847494 b,
FU Tau b,M7.25
G 9-40 b,M2.5 V
GJ 1151 c,M 4.5V
GJ 1214 b,M4 V
GJ 1252 b,M3
GJ 1265 b,M4.5 V
GJ 160.2 b,M0 V
GJ 179 b,M3.5 V
GJ 2056 b,M0V:
GJ 251 b,M3.0 V
GJ 27.1 b,M0.5 V
GJ 3082 b,M4
GJ 3090 b,M2 V
GJ 3222 b,K0V
GJ 328 b,M1
GJ 3341 b,M2.5
GJ 3470 b,M1.5
GJ 3634 b,M2.5
GJ 367 b,M1.0 V
GJ 3779 b,M4.0 V
GJ 393 b,M2.0 V
GJ 3942 b,M0
GJ 422 b,M3.5 V
GJ 4276 b,M4.0
GJ 436 b,M2.5 V
GJ 480 b,M3.5 Ve
GJ 486 b,M3.5 V
GJ 504 b,G0 V
GJ 514 b,M0.5-1.0 V
GJ 536 b,M1 V
GJ 625 b,M2
GJ 649 b,M1.5
GJ 674 b,M2.5
GJ 680 b,K5
GJ 685 b,M0.5
GJ 740 b,M1.0 V
GJ 832 b,M1.5
GJ 9066 c,M5.0 V
GJ 96 b,M2
GJ 9689 b,M0.5
GJ 9714 b,K5V
GPX-1 b,F2
GQ Lup b,K7e V
GSC 06214-00210 b,K7
GU Psc b,M3
Gaia-1 b,
Gaia-2 b,
Gl 378 b,M1
Gl 686 b,M1.0 V
HAT-P-12 b,K4
HAT-P-15 b,G5
HAT-P-18 b,K2
HAT-P-19 b,K1
HAT-P-2 b,F8
HAT-P-20 b,K3
HAT-P-21 b,G3
HAT-P-23 b,G0
HAT-P-25 b,G5
HAT-P-26 b,K1
HAT-P-28 b,G3
HAT-P-31 b,
HAT-P-34 b,
HAT-P-36 b,G5 V
HAT-P-37 b,
HAT-P-38 b,G5
HAT-P-40 b,
HAT-P-42 b,
HAT-P-43 b,F9
HAT-P-45 b,
HAT-P-46 b,
HAT-P-49 b,F
HAT-P-5 b,G
HAT-P-50 b,F5
HAT-P-51 b,G7
HAT-P-52 b,K1
HAT-P-53 b,
HAT-P-54 b,K7
HAT-P-55 b,
HAT-P-56 b,F8
HAT-P-58 b,
HAT-P-59 b,
HAT-P-6 b,
HAT-P-60 b,
HAT-P-61 b,
HAT-P-62 b,
HAT-P-63 b,
HAT-P-64 b,
HAT-P-65 b,G2
HAT-P-66 b,G0
HAT-P-68 b,K
HAT-P-69 b,
HAT-P-70 b,
HAT-P-9 b,F7
HATS-1 b,
HATS-10 b,
HATS-11 b,G0
HATS-12 b,F
HATS-13 b,
HATS-14 b,
HATS-15 b,G9 V
HATS-16 b,G3 V
HATS-17 b,G V
HATS-18 b,G V
HATS-2 b,K
HATS-22 b,K V
HATS-23 b,G V
HATS-24 b,F V
HATS-25 b,G
HATS-26 b,F
HATS-27 b,F
HATS-28 b,G
HATS-29 b,G
HATS-3 b,F
HATS-31 b,
HATS-32 b,
HATS-33 b,
HATS-34 b,
HATS-35 b,
HATS-36 b,G0 V
HATS-38 b,
HATS-39 b,
HATS-4 b,G
HATS-40 b,
HATS-41 b,
HATS-42 b,
HATS-43 b,
HATS-44 b,
HATS-45 b,
HATS-46 b,
HATS-47 b,
HATS-49 b,
HATS-5 b,G
HATS-50 b,
HATS-51 b,
HATS-52 b,
HATS-53 b,
HATS-54 b,G6 V
HATS-55 b,
HATS-56 b,
HATS-57 b,
HATS-6 b,M1 V
HATS-60 b,
HATS-61 b,
HATS-62 b,
HATS-63 b,
HATS-64 b,
HATS-66 b,
HATS-67 b,
HATS-68 b,
HATS-69 b,
HATS-7 b,K2
HATS-70 b,
HATS-71 b,M3 V
HATS-72 b,
HATS-75 b,
HATS-76 b,
HATS-77 b,
HATS-8 b,
HATS-9 b,
HD 100546 b,B9 Vne
HD 100777 b,G8 V
HD 102117 b,G6 V
HD 102195 b,K0 V
HD 102272 b,K0
HD 102843 b,K0 V
HD 103197 b,K1 V(P)
HD 103720 b,K3 V
HD 103891 b,F9
HD 103949 b,K3 V
HD 104067 b,K2 V
HD 10442 b,K0 IV
HD 104985 b,G9 III
HD 105779 b,G2
HD 106252 b,G0
HD 106270 b,G5 IV
HD 10647 b,F9 V
HD 106906 b,F5 V
HD 10697 b,G5 IV
HD 108147 b,F8 V CH+0.4
HD 108863 b,K0
HD 109246 b,G0 V
HD 109286 b,G4 V
HD 10975 b,K0 III
HD 109988 b,
HD 110014 b,K2 III
HD 110537 b,G6/8 V
HD 11112 b,
HD 111591 b,K0 III
HD 111998 b,F5 V
HD 112640 b,K0 III
HD 114082 b,F3 V
HD 114386 b,K3V
HD 114613 b,G4 IV
HD 11505 b,
HD 115954 b,G0 V
HD 117207 b,G8 IV/V
HD 11755 b,G5
HD 117618 b,G2 V
HD 118203 b,K0
HD 11977 b,G8 III/IV
HD 120084 b,G7 III
HD 121504 b,G2 V
HD 122562 c,
HD 124330 b,G4 IV
HD 12484 b,F8
HD 125271 b,
HD 125390 b,G7 V
HD 125595 b,K4 V
HD 12648 b,G5
HD 126525 b,G4 V
HD 127506 b,K3V
HD 128356 b,K3 V
HD 129445 b,G6 V
HD 130322 b,K0 V
HD 131496 b,K0
HD 13167 b,G3 V
HD 13189 b,K2
HD 132406 b,G0
HD 135872 b,
HD 136118 b,
HD 136418 b,G5
HD 136925 b,
HD 13724 c,
HD 137388 b,K2 IV
HD 13931 b,G0
HD 139357 b,K0
HD 1397 b,G5 III/IV
HD 14067 b,G9 III
HD 141004 b,G0Vvar
HD 141937 b,G2/G3 V
HD 142415 b,G1 V
HD 143105 b,F5
HD 143361 b,G6 V
HD 144899 b,
HD 145377 b,G3 V
HD 145457 b,K0
HD 145934 b,K0
HD 14787 b,G5
HD 148156 b,G0/2 V
HD 148427 b,K0 III/IV
HD 149026 b,G0
HD 149143 b,G0
HD 149806 b,K0V
HD 150010 b,K2 III
HD 1502 b,K0
HD 150706 b,G0 V
HD 152079 b,G6 V
HD 152581 b,K0
HD 153950 b,F8 V
HD 154088 b,K0 IV-V
HD 154345 b,G8V
HD 154672 b,G3 IV
HD 155193 b,F8 IV
HD 156411 b,F8 IV/V
HD 158038 b,K0
HD 158996 b,K5 III
HD 161178 b,G9 III
HD 16175 b,G0
HD 162020 b,K3 V
HD 164604 b,K3.5 V
HD 165155 b,G8 V
HD 1666 b,F7 V
HD 166724 b,K0 IV-V
HD 167042 b,K1 IV
HD 167768 b,G8 III
HD 168009 b,G2V
HD 168746 b,G5
HD 168863 b,
HD 1690 b,K1 III
HD 16905 b,
HD 17092 b,K0 III
HD 171028 b,G0
HD 171238 b,G8 V
HD 17156 b,G5
HD 173416 b,G8
HD 174205 b,K2
HD 175167 b,G5 IV/V
HD 175541 b,G8 IV
HD 175607 b,G6 V
HD 17674 b,G0 V
HD 177565 b,G8V
HD 179079 b,G5 IV
HD 179949 b,F8 V
HD 180053 b,K0
HD 18015 b,G6 IV
HD 180314 b,K0
HD 181234 b,G5
HD 181342 b,K0 III
HD 181720 b,G1 V
HD 183579 b,G2 V
HD 187085 b,G0 V
HD 18742 b,G8/K0 IV
HD 188641 b,
HD 190007 b,K3/4V
HD 190228 b,
HD 190647 b,G5 V
HD 190984 b,F8 V
HD 191806 b,K0
HD 192263 b,K2 V
HD 192699 b,G8 IV
HD 194490 b,
HD 19615 b,K0
HD 199509 b,G3V
HD 203030 b,G8 V
HD 20329 b,
HD 203473 b,G5
HD 2039 b,G2/G3 IV/V
HD 205158 b,
HD 205739 b,F7 V
HD 206255 b,G5 IV/V
HD 206610 b,K0 III
HD 207897 b,K0 V
HD 208487 b,G2 V
HD 208527 b,M1 III
HD 20868 b,K3/4 IV
HD 208897 b,K0
HD 209458 b,G0 V
HD 210193 b,G3 V
HD 210277 b,G0 V
HD 210702 b,K1 III
HD 211403 b,F7 V
HD 211810 b,G5
HD 211970 b,K7 V
HD 212771 b,G8 IV
HD 213472 b,
HD 213519 b,
HD 21411 b,G8 V
HD 216435 b,G0 V
HD 216437 b,G2/3IV
HD 216536 b,K0
HD 216770 b,G9 V CN+1
HD 217850 b,G8 V
HD 217958 b,
HD 218566 b,K3V
HD 219077 b,G8 V
HD 219139 b,G5 III
HD 219415 b,K0 III
HD 219666 b,
HD 220074 b,M2 III
HD 220197 b,G5
HD 220689 b,G3 V
HD 220773 b,F9
HD 221287 b,F7 V
HD 221416 b,K0 IV/V
HD 221420 b,G2 V
HD 221585 b,G8 IV
HD 222076 b,K0 III
HD 222155 b,G2 V
HD 224538 b,F9 IV/V
HD 224693 b,G2 V
HD 22496 b,K5/M0V
HD 22532 b,G8 III/IV
HD 22781 b,K1
HD 23079 b,F9.5 V
HD 23127 b,G2 V
HD 231701 b,F8 V
HD 233604 b,K5
HD 238090 b,M0.0 V
HD 238914 b,K7
HD 240210 b,K3 III
HD 240237 b,K2 III
HD 24064 b,K0
HD 24085 b,G0 V
HD 25015 b,K1 V
HD 25723 b,K1 III
HD 26161 b,
HD 2685 b,
HD 27631 b,G3 IV-V
HD 27969 b,G0 V
HD 28192 b,
HD 285507 b,K4.5 V
HD 285968 b,M2 V
HD 28678 b,G8 IV
HD 29021 b,G5
HD 290327 b,G8 V
HD 29399 b,K1 III
HD 2952 b,K0 III
HD 29985 b,
HD 30562 b,F8 V
HD 30669 b,G9 V
HD 31253 b,F8
HD 32518 b,K1 III
HD 32963 b,G5
HD 330075 b,K1
HD 331093 b,K0
HD 332231 b,F8
HD 33564 b,F6 V
HD 35759 b,G0
HD 360 b,G8 III
HD 3651 b,K0 V
HD 3765 b,K2V
HD 38283 b,F9.5 V
HD 38801 b,K0
HD 39855 b,G8 V
HD 40956 b,K0
HD 42012 b,K0
HD 4208 b,G7 V Fe-1 CH-0.5
HD 42618 b,G4 V
HD 4308 b,G5V
HD 4313 b,G5
HD 44219 b,G2 V
HD 45350 b,G5 V
HD 45652 b,G8/K0
HD 457 b,
HD 47536 b,K1 III
HD 4760 b,K2
HD 48265 b,G5 IV/V
HD 4917 b,K0 III/IV
HD 49674 b,G5 V
HD 50554 b,F8 V
HD 52265 b,G0V
HD 55696 b,G0 V
HD 5583 b,
HD 5608 b,K0
HD 564 b,G2/G3 V
HD 56414 b,
HD 56957 b,
HD 5891 b,G5
HD 60292 b,K0 III
HD 62509 b,K0IIIvar
HD 62549 b,
HD 63454 b,K4 V
HD 63765 b,G9 V
HD 64114 b,G7 V
HD 64121 b,G8/K0 III
HD 6434 b,G2/3 V
HD 66141 b,K2 III
HD 6718 b,G5 V
HD 68402 b,G5 IV/V
HD 69123 b,K1 III
HD 70573 b,G1-1.5 V
HD 70642 b,G5
HD 7199 b,K1 IV
HD 72490 b,G5
HD 72892 b,G5 V
HD 73534 b,G5
HD 75898 b,G0
HD 76700 b,G6 V
HD 76920 b,K1 III
HD 77338 b,K0 IV
HD 79181 b,G8 III
HD 80653 b,G2
HD 80869 b,G1 V
HD 80883 b,
HD 80913 b,
HD 81040 b,G2/G3
HD 81688 b,G5
HD 82886 b,G0
HD 8326 b,K2 V
HD 85390 b,K1.5 V
HD 85512 b,K5 V
HD 8574 b,F8
HD 86065 b,
HD 86264 b,F7 V
HD 86950 b,K1 III
HD 87883 b,K0
HD 88072 b,
HD 88133 b,G5
HD 89307 b,G0
HD 89345 b,G5
HD 90156 b,G5V
HD 9174 b,G8 IV
HD 93083 b,K3 V
HD 94834 b,K0
HD 95086 b,A8 III
HD 95127 b,K0
HD 95338 b,K0.5 V
HD 95544 b,G3 V
HD 95872 b,K0 V
HD 96063 b,G6 V
HD 96127 b,K2 III
HD 96992 b,K0
HD 97037 b,
HD 97048 b,Be9.5/AO
HD 97658 b,K1 V
HD 98219 b,K0 III/IV
HD 98649 b,G3/G5 V
HD 99109 b,G8/K0 IV
HD 99283 b,K0 III
HIP 105854 b,K2 III
HIP 107772 b,M0 V
HIP 107773 b,K1 III
HIP 109384 b,G5
HIP 114933 b,K0 III
HIP 12961 b,M0
HIP 34222 b,K7 V
HIP 35173 b,K2 V
HIP 35965 b,
HIP 4845 b,K7V
HIP 48714 b,M0.5 Ve
HIP 55507 b,M0
HIP 56640 b,K1 III
HIP 5763 b,K6 V
HIP 63242 b,G8
HIP 65426 b,A2 V
HIP 65891 b,K0 III
HIP 67522 b,G1 V
HIP 67537 b,K1 III
HIP 71135 b,M1
HIP 74890 b,K1 III
HIP 75092 b,K0 III
HIP 78530 b,B9 V
HIP 79431 b,M3 V
HIP 86221 b,K5 V
HIP 90988 b,K1 III
HIP 91258 b,G5 V
HIP 948 b,
HIP 97233 b,K0
HN Peg b,G0 V
HR 2562 b,F5 V
HR 810 b,G0V
IC 4651 9122 b,
K2-10 b,F9
K2-100 b,G0 V
K2-101 b,K3
K2-102 b,K5
K2-104 b,M2.5e
K2-105 b,K1
K2-107 b,F9 IV
K2-108 b,
K2-11 b,G8
K2-110 b,K3 V
K2-113 b,G
K2-114 b,
K2-115 b,G4
K2-116 b,
K2-118 b,
K2-119 b,
K2-12 b,F9
K2-120 b,
K2-121 b,
K2-123 b,
K2-124 b,
K2-125 b,
K2-126 b,
K2-127 b,
K2-128 b,
K2-129 b,
K2-13 b,G3
K2-130 b,
K2-131 b,
K2-132 b,
K2-137 b,M3 V
K2-139 b,K0 V
K2-14 b,M0
K2-140 b,G6 V
K2-147 b,
K2-149 b,M1.0 V
K2-15 b,G8
K2-150 b,M2.5 V
K2-152 b,M0.0 V
K2-153 b,M3.0 V
K2-156 b,
K2-157 b,
K2-159 b,
K2-160 b,
K2-161 b,
K2-162 b,
K2-163 b,
K2-164 b,
K2-167 b,F7 V
K2-169 b,
K2-17 b,K7
K2-171 b,
K2-173 b,
K2-174 b,
K2-175 b,
K2-176 b,
K2-177 b,
K2-178 b,
K2-179 b,
K2-180 b,K2 V
K2-181 b,
K2-182 b,
K2-184 b,
K2-186 b,
K2-191 b,
K2-192 b,
K2-193 b,
K2-194 b,
K2-196 b,
K2-197 b,
K2-200 b,
K2-202 b,
K2-203 b,
K2-204 b,
K2-205 b,
K2-206 b,
K2-207 b,
K2-208 b,
K2-209 b,
K2-210 b,
K2-211 b,
K2-212 b,
K2-213 b,
K2-214 b,
K2-215 b,
K2-216 b,K5 V
K2-217 b,
K2-218 b,
K2-220 b,
K2-221 b,
K2-222 b,
K2-225 b,
K2-226 b,
K2-227 b,
K2-228 b,
K2-230 b,
K2-231 b,
K2-232 b,
K2-237 b,F9 V
K2-238 b,G2 V
K2-241 b,
K2-242 b,
K2-244 b,
K2-245 b,
K2-246 b,
K2-248 b,
K2-249 b,
K2-25 b,M4.5 V
K2-250 b,
K2-251 b,
K2-252 b,
K2-253 b,
K2-255 b,
K2-256 b,
K2-257 b,
K2-258 b,
K2-259 b,
K2-26 b,M1.0 V
K2-260 b,F6 V
K2-261 b,G7 IV/V
K2-263 b,G9 V
K2-269 b,
K2-271 b,
K2-272 b,
K2-273 b,
K2-274 b,
K2-276 b,
K2-277 b,
K2-278 b,
K2-279 b,
K2-28 b,M4
K2-280 b,
K2-281 b,
K2-283 b,
K2-284 b,
K2-286 b,M0 V
K2-287 b,
K2-289 b,
K2-291 b,
K2-292 b,G3 V
K2-293 b,
K2-294 b,
K2-295 b,K5 V
K2-30 b,G6 V
K2-308 b,
K2-315 b,M(3.5+/-0.5) V
K2-317 b,
K2-318 b,
K2-319 b,
K2-320 b,
K2-321 b,
K2-322 b,
K2-323 b,
K2-324 b,
K2-325 b,
K2-326 b,
K2-329 b,
K2-33 b,M3.3
K2-330 b,
K2-332 b,
K2-333 b,
K2-334 b,
K2-335 b,
K2-336 b,
K2-337 b,
K2-338 b,
K2-339 b,
K2-34 b,F
K2-340 b,
K2-341 b,
K2-342 b,
K2-344 b,
K2-345 b,
K2-346 b,
K2-347 b,
K2-349 b,
K2-351 b,
K2-353 b,
K2-354 b,
K2-355 b,
K2-356 b,
K2-357 b,
K2-358 b,
K2-365 b,
K2-366 b,
K2-367 b,
K2-369 b,
K2-370 b,G8
K2-371 b,
K2-372 b,
K2-373 b,
K2-375 b,
K2-376 b,G1
K2-377 b,
K2-378 b,
K2-379 b,
K2-380 b,
K2-382 b,
K2-383 b,
K2-385 b,
K2-386 b,
K2-387 b,
K2-388 b,G8
K2-39 b,
K2-390 b,G4
K2-391 b,G7
K2-392 b,G3
K2-393 b,
K2-394 b,
K2-397 b,G7
K2-399 b,F9
K2-4 b,
K2-400 b,M3
K2-401 b,K7
K2-402 b,G2
K2-403 b,G4
K2-404 b,M1
K2-405 b,K0
K2-406 b,G4
K2-408 b,G7
K2-409 b,G4
K2-411 b,
K2-412 b,
K2-42 b,
K2-44 b,
K2-45 b,
K2-46 b,
K2-47 b,
K2-48 b,
K2-49 b,
K2-52 b,
K2-53 b,
K2-54 b,
K2-55 b,
K2-57 b,
K2-6 b,
K2-60 b,G4 V
K2-61 b,
K2-64 b,
K2-65 b,
K2-66 b,
K2-68 b,
K2-69 b,
K2-7 b,
K2-70 b,
K2-71 b,
K2-73 b,
K2-74 b,
K2-77 b,
K2-79 b,
K2-81 b,
K2-85 b,
K2-86 b,
K2-87 b,
K2-88 b,
K2-89 b,
K2-9 b,M2.5 V
K2-91 b,
K2-95 b,M3.0
K2-97 b,
K2-98 b,F8 V
K2-99 b,G0 IV
KELT-1 b,
KELT-10 b,G0 V
KELT-11 b,G8/K0 IV
KELT-12 b,
KELT-14 b,G4
KELT-17 b,A
KELT-20 b,A2 V
KELT-21 b,A8 V
KELT-24 b,F7
KELT-7 b,F
KELT-8 b,G2 V
KIC 10068024 b,
KIC 10525077 b,
KIC 3526061 b,
KIC 3558849 b,
KIC 5479689 b,
KIC 7917485 b,A
KIC 8121913 b,
KMT-2016-BLG-0212L b,
KMT-2016-BLG-1107L b,
KMT-2016-BLG-1397L b,
KMT-2016-BLG-1820L b,
KMT-2016-BLG-1836L b,
KMT-2016-BLG-2142L b,
KMT-2016-BLG-2364L b,
KMT-2016-BLG-2397L b,
KMT-2016-BLG-2605L b,
KMT-2017-BLG-0165L b,
KMT-2017-BLG-0673L b,
KMT-2017-BLG-1038L b,
KMT-2017-BLG-1146L b,
KMT-2017-BLG-2509L b,
KMT-2018-BLG-0029L b,
KMT-2018-BLG-0748L b,
KMT-2018-BLG-1025L b,
KMT-2018-BLG-1292L b,
KMT-2018-BLG-1743L b,
KMT-2018-BLG-1976L b,
KMT-2018-BLG-1988L b,
KMT-2018-BLG-1990L b,M
KMT-2018-BLG-1996L b,
KMT-2019-BLG-0371L b,
KMT-2019-BLG-0414L b,
KMT-2019-BLG-0842L b,
KMT-2019-BLG-1339L b,
KMT-2019-BLG-1715L b,
KMT-2019-BLG-1953L b,
KMT-2021-BLG-0119L b,
KMT-2021-BLG-0171L b,
KMT-2021-BLG-0192L b,
KMT-2021-BLG-0240L b,
KMT-2021-BLG-0320L b,
KMT-2021-BLG-0912L b,K
KMT-2021-BLG-1303L b,
KMT-2021-BLG-1554L b,
KMT-2021-BLG-1689L b,
KMT-2021-BLG-1898L b,
KMT-2021-BLG-2294L b,
KOI-217 b,
KOI-3680 b,
KOI-4777.01,
KOI-7368 b,
KPS-1 b,K1 V
Kapteyn c,M2.0V
Kepler-1000 b,
Kepler-1002 b,
Kepler-1003 b,
Kepler-1004 b,
Kepler-1005 b,
Kepler-1006 b,
Kepler-1007 b,
Kepler-1009 b,
Kepler-1010 b,
Kepler-1011 b,
Kepler-1012 b,
Kepler-1013 b,
Kepler-1014 b,
Kepler-1015 b,
Kepler-1017 b,
Kepler-1018 b,
Kepler-1019 b,
Kepler-1020 b,
Kepler-1021 b,
Kepler-1022 b,
Kepler-1023 b,
Kepler-1024 b,
Kepler-1025 b,
Kepler-1026 b,
Kepler-1028 b,
Kepler-1029 b,
Kepler-1030 b,
Kepler-1031 b,
Kepler-1032 b,
Kepler-1033 b,
Kepler-1034 b,
Kepler-1035 b,
Kepler-1036 b,
Kepler-1037 b,
Kepler-1039 b,
Kepler-1040 b,
Kepler-1041 b,
Kepler-1042 b,
Kepler-1043 b,
Kepler-1044 b,
Kepler-1045 b,
Kepler-1046 b,
Kepler-1048 b,
Kepler-1049 b,
Kepler-1051 b,
Kepler-1052 b,
Kepler-1053 b,
Kepler-1054 b,
Kepler-1055 b,
Kepler-1056 b,
Kepler-1057 b,
Kepler-1058 b,
Kepler-1059 b,
Kepler-1060 b,
Kepler-1061 b,
Kepler-1062 b,
Kepler-1064 b,
Kepler-1066 b,
Kepler-1068 b,
Kepler-1069 b,
Kepler-1070 b,
Kepler-1071 b,
Kepler-1072 b,
Kepler-1074 b,
Kepler-1075 b,
Kepler-1076 b,
Kepler-1077 b,
Kepler-1078 b,
Kepler-1079 b,
Kepler-1080 b,
Kepler-1081 b,
Kepler-1082 b,
Kepler-1083 b,
Kepler-1084 b,
Kepler-1087 b,
Kepler-1088 b,
Kepler-1089 b,
Kepler-1091 b,
Kepler-1092 b,
Kepler-1094 b,
Kepler-1095 b,
Kepler-1096 b,
Kepler-1097 b,
Kepler-1098 b,
Kepler-1099 b,
Kepler-1100 b,
Kepler-1101 b,
Kepler-1102 b,
Kepler-1103 b,
Kepler-1104 b,
Kepler-1105 b,
Kepler-1106 b,
Kepler-1107 b,
Kepler-1108 b,
Kepler-1109 b,
Kepler-1110 b,
Kepler-1111 b,
Kepler-1112 b,
Kepler-1113 b,
Kepler-1114 b,
Kepler-1115 b,
Kepler-1116 b,
Kepler-1117 b,
Kepler-1118 b,
Kepler-1119 b,
Kepler-1120 b,
Kepler-1121 b,
Kepler-1122 b,
Kepler-1123 b,
Kepler-1124 b,
Kepler-1125 b,
Kepler-1126 b,
Kepler-1127 b,
Kepler-1128 b,
Kepler-1131 b,
Kepler-1132 b,
Kepler-1133 b,
Kepler-1134 b,
Kepler-1135 b,
Kepler-1136 b,
Kepler-1137 b,
Kepler-1138 b,
Kepler-1139 b,
Kepler-1140 b,
Kepler-1141 b,
Kepler-1142 b,
Kepler-1144 b,
Kepler-1145 b,
Kepler-1146 b,
Kepler-1147 b,
Kepler-1148 b,
Kepler-1149 b,
Kepler-1151 b,
Kepler-1152 b,
Kepler-1153 b,
Kepler-1155 b,
Kepler-1156 b,
Kepler-1157 b,
Kepler-1158 b,
Kepler-1159 b,
Kepler-1160 b,
Kepler-1161 b,
Kepler-1162 b,
Kepler-1163 b,
Kepler-1164 b,
Kepler-1166 b,
Kepler-1167 b,
Kepler-1168 b,
Kepler-1169 b,
Kepler-1170 b,
Kepler-1171 b,
Kepler-1172 b,
Kepler-1173 b,
Kepler-1174 b,
Kepler-1175 b,
Kepler-1176 b,
Kepler-1177 b,
Kepler-1178 b,
Kepler-1179 b,
Kepler-1180 b,
Kepler-1181 b,
Kepler-1182 b,
Kepler-1183 b,
Kepler-1184 b,
Kepler-1185 b,
Kepler-1186 b,
Kepler-1187 b,
Kepler-1188 b,
Kepler-1189 b,
Kepler-1190 b,
Kepler-1191 b,
Kepler-1192 b,
Kepler-1193 b,
Kepler-1194 b,
Kepler-1195 b,
Kepler-1196 b,
Kepler-1197 b,
Kepler-1198 b,
Kepler-1199 b,
Kepler-12 b,
Kepler-1200 b,
Kepler-1201 b,
Kepler-1202 b,
Kepler-1203 b,
Kepler-1204 b,
Kepler-1205 b,
Kepler-1206 b,
Kepler-1207 b,
Kepler-1208 b,
Kepler-1209 b,
Kepler-1210 b,
Kepler-1211 b,
Kepler-1212 b,
Kepler-1213 b,
Kepler-1214 b,
Kepler-1215 b,
Kepler-1216 b,
Kepler-1217 b,
Kepler-1218 b,
Kepler-1219 b,
Kepler-1220 b,
Kepler-1221 b,
Kepler-1222 b,
Kepler-1223 b,
Kepler-1224 b,
Kepler-1225 b,
Kepler-1226 b,
Kepler-1227 b,
Kepler-1228 b,
Kepler-1229 b,
Kepler-1230 b,
Kepler-1231 b,
Kepler-1232 b,
Kepler-1233 b,
Kepler-1234 b,
Kepler-1235 b,
Kepler-1236 b,
Kepler-1237 b,
Kepler-1238 b,
Kepler-1239 b,
Kepler-1240 b,
Kepler-1241 b,
Kepler-1242 b,
Kepler-1243 b,
Kepler-1244 b,
Kepler-1246 b,
Kepler-1247 b,
Kepler-1248 b,
Kepler-1249 b,
Kepler-1250 b,
Kepler-1251 b,
Kepler-1252 b,
Kepler-1253 b,
Kepler-1255 b,
Kepler-1256 b,
Kepler-1257 b,
Kepler-1258 b,
Kepler-1259 b,
Kepler-1260 b,
Kepler-1261 b,
Kepler-1262 b,
Kepler-1263 b,
Kepler-1264 b,
Kepler-1265 b,
Kepler-1267 b,
Kepler-1268 b,
Kepler-1269 b,
Kepler-1270 b,
Kepler-1271 b,
Kepler-1272 b,
Kepler-1273 b,
Kepler-1274 b,
Kepler-1275 b,
Kepler-1276 b,
Kepler-1277 b,
Kepler-1278 b,
Kepler-1279 b,
Kepler-1280 b,
Kepler-1281 b,
Kepler-1282 b,
Kepler-1283 b,
Kepler-1284 b,
Kepler-1285 b,
Kepler-1286 b,
Kepler-1287 b,
Kepler-1288 b,
Kepler-1289 b,
Kepler-1290 b,
Kepler-1291 b,
Kepler-1292 b,
Kepler-1293 b,
Kepler-1294 b,
Kepler-1295 b,
Kepler-1296 b,
Kepler-1297 b,
Kepler-1298 b,
Kepler-1299 b,
Kepler-1300 b,
Kepler-1301 b,
Kepler-1302 b,
Kepler-1303 b,
Kepler-1304 b,
Kepler-1305 b,
Kepler-1306 b,
Kepler-1307 b,
Kepler-1308 b,
Kepler-1309 b,
Kepler-1310 b,
Kepler-1313 b,
Kepler-1314 b,
Kepler-1316 b,
Kepler-1317 b,
Kepler-1318 b,
Kepler-1320 b,
Kepler-1323 b,
Kepler-1324 b,
Kepler-1325 b,
Kepler-1326 b,
Kepler-1327 b,
Kepler-1328 b,
Kepler-1329 b,
Kepler-1330 b,
Kepler-1331 b,
Kepler-1332 b,
Kepler-1333 b,
Kepler-1334 b,
Kepler-1335 b,
Kepler-1337 b,
Kepler-1338 b,
Kepler-1339 b,
Kepler-1340 b,
Kepler-1342 b,
Kepler-1343 b,
Kepler-1344 b,
Kepler-1345 b,
Kepler-1346 b,
Kepler-1347 b,
Kepler-1348 b,
Kepler-1349 b,
Kepler-1351 b,
Kepler-1352 b,
Kepler-1353 b,
Kepler-1354 b,
Kepler-1355 b,
Kepler-1356 b,
Kepler-1357 b,
Kepler-1358 b,
Kepler-1359 b,
Kepler-1360 b,
Kepler-1361 b,
Kepler-1362 b,
Kepler-1363 b,
Kepler-1364 b,
Kepler-1366 b,
Kepler-1367 b,
Kepler-1368 b,
Kepler-1369 b,
Kepler-1372 b,
Kepler-1373 b,
Kepler-1374 b,
Kepler-1375 b,
Kepler-1376 b,
Kepler-1377 b,
Kepler-1378 b,
Kepler-1379 b,
Kepler-1380 b,
Kepler-1381 b,
Kepler-1382 b,
Kepler-1383 b,
Kepler-1384 b,
Kepler-1385 b,
Kepler-1386 b,
Kepler-1387 b,
Kepler-1389 b,
Kepler-1390 b,
Kepler-1391 b,
Kepler-1392 b,
Kepler-1393 b,
Kepler-1394 b,
Kepler-1395 b,
Kepler-1396 b,
Kepler-1397 b,
Kepler-1399 b,
Kepler-1400 b,
Kepler-1401 b,
Kepler-1402 b,
Kepler-1403 b,
Kepler-1404 b,
Kepler-1405 b,
Kepler-1406 b,
Kepler-1407 b,
Kepler-1408 b,
Kepler-1409 b,
Kepler-1410 b,
Kepler-1411 b,
Kepler-1412 b,
Kepler-1413 b,
Kepler-1414 b,
Kepler-1415 b,
Kepler-1416 b,
Kepler-1417 b,
Kepler-1418 b,
Kepler-1419 b,
Kepler-1420 b,
Kepler-1421 b,
Kepler-1422 b,
Kepler-1423 b,
Kepler-1424 b,
Kepler-1425 b,
Kepler-1426 b,
Kepler-1427 b,
Kepler-1428 b,
Kepler-1429 b,
Kepler-1430 b,
Kepler-1431 b,
Kepler-1432 b,
Kepler-1433 b,
Kepler-1434 b,
Kepler-1435 b,
Kepler-1436 b,
Kepler-1437 b,
Kepler-1438 b,
Kepler-1439 b,
Kepler-1440 b,
Kepler-1441 b,
Kepler-1442 b,
Kepler-1443 b,
Kepler-1444 b,
Kepler-1445 b,
Kepler-1446 b,
Kepler-1447 b,
Kepler-1448 b,
Kepler-1449 b,
Kepler-1450 b,
Kepler-1451 b,
Kepler-1452 b,
Kepler-1453 b,
Kepler-1454 b,
Kepler-1455 b,
Kepler-1456 b,
Kepler-1457 b,
Kepler-1458 b,
Kepler-1459 b,
Kepler-1460 b,
Kepler-1461 b,
Kepler-1462 b,
Kepler-1463 b,
Kepler-1465 b,
Kepler-1466 b,
Kepler-1467 b,
Kepler-1469 b,
Kepler-1470 b,
Kepler-1471 b,
Kepler-1472 b,
Kepler-1473 b,
Kepler-1474 b,
Kepler-1475 b,
Kepler-1476 b,
Kepler-1477 b,
Kepler-1478 b,
Kepler-1479 b,
Kepler-1481 b,
Kepler-1482 b,
Kepler-1483 b,
Kepler-1484 b,
Kepler-1485 b,
Kepler-1486 b,
Kepler-1487 b,
Kepler-1489 b,
Kepler-1490 b,
Kepler-1491 b,
Kepler-1492 b,
Kepler-1493 b,
Kepler-1494 b,
Kepler-1495 b,
Kepler-1496 b,
Kepler-1497 b,
Kepler-1498 b,
Kepler-1499 b,
Kepler-15 b,
Kepler-1500 b,
Kepler-1501 b,
Kepler-1502 b,
Kepler-1503 b,
Kepler-1504 b,
Kepler-1505 b,
Kepler-1506 b,
Kepler-1507 b,
Kepler-1508 b,
Kepler-1509 b,
Kepler-1510 b,
Kepler-1511 b,
Kepler-1512 b,
Kepler-1513 b,
Kepler-1515 b,
Kepler-1516 b,
Kepler-1517 b,
Kepler-1518 b,
Kepler-1519 b,
Kepler-1520 b,
Kepler-1521 b,
Kepler-1522 b,
Kepler-1523 b,
Kepler-1524 b,
Kepler-1525 b,
Kepler-1526 b,
Kepler-1527 b,
Kepler-1528 b,
Kepler-1529 b,
Kepler-1531 b,
Kepler-1532 b,
Kepler-1533 b,
Kepler-1534 b,
Kepler-1535 b,
Kepler-1536 b,
Kepler-1537 b,
Kepler-1538 b,
Kepler-1539 b,
Kepler-1541 b,
Kepler-1543 b,
Kepler-1544 b,
Kepler-1545 b,
Kepler-1546 b,
Kepler-1547 b,
Kepler-1548 b,
Kepler-1549 b,
Kepler-1550 b,
Kepler-1551 b,
Kepler-1552 b,
Kepler-1553 b,
Kepler-1554 b,
Kepler-1555 b,
Kepler-1556 b,
Kepler-1557 b,
Kepler-1558 b,
Kepler-1559 b,
Kepler-1560 b,
Kepler-1561 b,
Kepler-1562 b,
Kepler-1563 b,
Kepler-1564 b,
Kepler-1565 b,
Kepler-1566 b,
Kepler-1567 b,
Kepler-1568 b,
Kepler-1569 b,
Kepler-1570 b,
Kepler-1571 b,
Kepler-1572 b,
Kepler-1573 b,
Kepler-1574 b,
Kepler-1575 b,
Kepler-1576 b,
Kepler-1577 b,
Kepler-1578 b,
Kepler-1579 b,
Kepler-1580 b,
Kepler-1581 b,
Kepler-1582 b,
Kepler-1583 b,
Kepler-1584 b,
Kepler-1585 b,
Kepler-1586 b,
Kepler-1587 b,
Kepler-1588 b,
Kepler-1589 b,
Kepler-1590 b,
Kepler-1591 b,
Kepler-1592 b,
Kepler-1593 b,
Kepler-1594 b,
Kepler-1595 b,
Kepler-1596 b,
Kepler-1597 b,
Kepler-1598 b,
Kepler-1599 b,
Kepler-1601 b,
Kepler-1602 b,
Kepler-1603 b,
Kepler-1604 b,
Kepler-1605 b,
Kepler-1606 b,
Kepler-1607 b,
Kepler-1608 b,
Kepler-1609 b,
Kepler-1610 b,
Kepler-1611 b,
Kepler-1612 b,
Kepler-1613 b,
Kepler-1614 b,
Kepler-1615 b,
Kepler-1616 b,
Kepler-1617 b,
Kepler-1618 b,
Kepler-1619 b,
Kepler-1620 b,
Kepler-1621 b,
Kepler-1622 b,
Kepler-1623 b,
Kepler-1624 b,
Kepler-1625 b,
Kepler-1626 b,
Kepler-1627 b,
Kepler-1628 b,
Kepler-1629 b,
Kepler-1630 b,
Kepler-1631 b,
Kepler-1632 b,
Kepler-1633 b,
Kepler-1634 b,
Kepler-1635 b,
Kepler-1636 b,
Kepler-1637 b,
Kepler-1638 b,
Kepler-1639 b,
Kepler-1640 b,
Kepler-1643 b,
Kepler-1644 b,
Kepler-1645 b,
Kepler-1646 b,
Kepler-1650 b,
Kepler-1652 b,
Kepler-1653 b,
Kepler-1654 b,G5 V
Kepler-1655 b,G0 V
Kepler-1658 b,
Kepler-1663 b,
Kepler-1664 b,
Kepler-1665 b,
Kepler-1667 b,
Kepler-1668 b,
Kepler-1670 b,
Kepler-1671 b,
Kepler-1672 b,
Kepler-1673 b,
Kepler-1674 b,
Kepler-1675 b,
Kepler-1676 b,
Kepler-1677 b,
Kepler-1678 b,
Kepler-1679 b,
Kepler-1680 b,
Kepler-1681 b,
Kepler-1682 b,
Kepler-1683 b,
Kepler-1684 b,
Kepler-1685 b,
Kepler-1686 b,
Kepler-1687 b,
Kepler-1688 b,
Kepler-1689 b,
Kepler-1690 b,
Kepler-1691 b,
Kepler-1692 b,
Kepler-1694 b,
Kepler-1695 b,
Kepler-1696 b,
Kepler-1697 b,
Kepler-1698 b,
Kepler-1699 b,
Kepler-17 b,G2 V
Kepler-1700 b,
Kepler-1701 b,
Kepler-1702 b,
Kepler-1704 b,
Kepler-1708 b,
Kepler-1709 b,
Kepler-1710 b,
Kepler-1711 b,
Kepler-1712 b,
Kepler-1713 b,
Kepler-1714 b,
Kepler-1715 b,
Kepler-1716 b,
Kepler-1717 b,
Kepler-1718 b,
Kepler-1719 b,
Kepler-1720 b,
Kepler-1721 b,
Kepler-1722 b,
Kepler-1723 b,
Kepler-1724 b,
Kepler-1725 b,
Kepler-1726 b,
Kepler-1727 b,
Kepler-1728 b,
Kepler-1729 b,
Kepler-1730 b,
Kepler-1731 b,
Kepler-1732 b,
Kepler-1733 b,
Kepler-1734 b,
Kepler-1735 b,
Kepler-1736 b,
Kepler-1737 b,
Kepler-1738 b,
Kepler-1739 b,
Kepler-1740 b,
Kepler-1741 b,
Kepler-1742 b,
Kepler-1743 b,
Kepler-1744 b,
Kepler-1745 b,
Kepler-1746 b,
Kepler-1747 b,
Kepler-1748 b,
Kepler-1749 b,
Kepler-1750 b,
Kepler-1751 b,
Kepler-1752 b,
Kepler-1753 b,
Kepler-1754 b,
Kepler-1755 b,
Kepler-1756 b,
Kepler-1757 b,
Kepler-1758 b,
Kepler-1759 b,
Kepler-1760 b,
Kepler-1761 b,
Kepler-1762 b,
Kepler-1763 b,
Kepler-1764 b,
Kepler-1765 b,
Kepler-1766 b,
Kepler-1767 b,
Kepler-1768 b,
Kepler-1769 b,
Kepler-1770 b,
Kepler-1771 b,
Kepler-1772 b,
Kepler-1773 b,
Kepler-1774 b,
Kepler-1775 b,
Kepler-1776 b,
Kepler-1777 b,
Kepler-1778 b,
Kepler-1779 b,
Kepler-1780 b,
Kepler-1781 b,
Kepler-1782 b,
Kepler-1783 b,
Kepler-1784 b,
Kepler-1785 b,
Kepler-1786 b,
Kepler-1787 b,
Kepler-1788 b,
Kepler-1789 b,
Kepler-1790 b,
Kepler-1791 b,
Kepler-1792 b,
Kepler-1793 b,
Kepler-1794 b,
Kepler-1795 b,
Kepler-1796 b,
Kepler-1797 b,
Kepler-1798 b,
Kepler-1799 b,
Kepler-1800 b,
Kepler-1801 b,
Kepler-1804 b,
Kepler-1805 b,
Kepler-1806 b,
Kepler-1807 b,
Kepler-1808 b,
Kepler-1809 b,
Kepler-1810 b,
Kepler-1811 b,
Kepler-1812 b,
Kepler-1813 b,
Kepler-1814 b,
Kepler-1815 b,
Kepler-1816 b,
Kepler-1817 b,
Kepler-1818 b,
Kepler-1819 b,
Kepler-1820 b,
Kepler-1821 b,
Kepler-1822 b,
Kepler-1823 b,
Kepler-1824 b,
Kepler-1825 b,
Kepler-1826 b,
Kepler-1827 b,
Kepler-1828 b,
Kepler-1829 b,
Kepler-1830 b,
Kepler-1831 b,
Kepler-1832 b,
Kepler-1833 b,
Kepler-1834 b,
Kepler-1835 b,
Kepler-1836 b,
Kepler-1837 b,
Kepler-1838 b,
Kepler-1839 b,
Kepler-1840 b,
Kepler-1841 b,
Kepler-1842 b,
Kepler-1843 b,
Kepler-1844 b,
Kepler-1845 b,
Kepler-1846 b,
Kepler-1847 b,
Kepler-1848 b,
Kepler-1849 b,
Kepler-1850 b,
Kepler-1851 b,
Kepler-1852 b,
Kepler-1853 b,
Kepler-1854 b,
Kepler-1855 b,
Kepler-1856 b,
Kepler-1857 b,
Kepler-1858 b,
Kepler-1859 b,
Kepler-1860 b,
Kepler-1861 b,
Kepler-1862 b,
Kepler-1863 b,
Kepler-1864 b,
Kepler-1865 b,
Kepler-1866 b,
Kepler-1867 b,
Kepler-1868 b,
Kepler-1869 b,
Kepler-1870 b,
Kepler-1871 b,
Kepler-1872 b,
Kepler-1873 b,
Kepler-1874 b,
Kepler-1875 b,
Kepler-1876 b,
Kepler-1877 b,
Kepler-1878 b,
Kepler-1879 b,
Kepler-1880 b,
Kepler-1881 b,
Kepler-1882 b,
Kepler-1883 b,
Kepler-1884 b,
Kepler-1885 b,
Kepler-1886 b,
Kepler-1887 b,
Kepler-1888 b,
Kepler-1889 b,
Kepler-1890 b,
Kepler-1891 b,
Kepler-1892 b,
Kepler-1893 b,
Kepler-1894 b,
Kepler-1895 b,
Kepler-1896 b,
Kepler-1897 b,
Kepler-1898 b,
Kepler-1899 b,
Kepler-1900 b,
Kepler-1901 b,
Kepler-1902 b,
Kepler-1903 b,
Kepler-1904 b,
Kepler-1905 b,
Kepler-1906 b,
Kepler-1909 b,
Kepler-1910 b,
Kepler-1911 b,
Kepler-1912 b,
Kepler-1913 b,
Kepler-1914 b,
Kepler-1915 b,
Kepler-1916 b,
Kepler-1917 b,
Kepler-1918 b,
Kepler-1919 b,
Kepler-1920 b,
Kepler-1921 b,
Kepler-1922 b,
Kepler-1923 b,
Kepler-1924 b,
Kepler-1925 b,
Kepler-1926 b,
Kepler-1927 b,
Kepler-1928 b,
Kepler-1929 b,
Kepler-1930 b,
Kepler-1931 b,
Kepler-1932 b,
Kepler-1933 b,
Kepler-1934 b,
Kepler-1935 b,
Kepler-1936 b,
Kepler-1937 b,
Kepler-1938 b,
Kepler-1939 b,
Kepler-1940 b,
Kepler-1941 b,
Kepler-1942 b,
Kepler-1943 b,
Kepler-1944 b,
Kepler-1945 b,
Kepler-1946 b,
Kepler-1947 b,
Kepler-1948 b,
Kepler-1949 b,
Kepler-1950 b,
Kepler-1951 b,
Kepler-1952 b,
Kepler-1953 b,
Kepler-1954 b,
Kepler-1955 b,
Kepler-1956 b,
Kepler-1957 b,
Kepler-1958 b,
Kepler-1959 b,
Kepler-1960 b,
Kepler-1961 b,
Kepler-1962 b,
Kepler-1963 b,
Kepler-1964 b,
Kepler-1965 b,
Kepler-1966 b,
Kepler-1967 b,
Kepler-1968 b,
Kepler-1969 b,
Kepler-22 b,G5 V
Kepler-39 b,F7 V
Kepler-4 b,
Kepler-40 b,F5 IV
Kepler-408 b,
Kepler-409 b,
Kepler-41 b,G2 V
Kepler-412 b,G3 V
Kepler-421 b,G9/K0
Kepler-422 b,
Kepler-423 b,G4 V
Kepler-425 b,K1 V
Kepler-426 b,G1 V
Kepler-427 b,G2 V
Kepler-428 b,K1 V
Kepler-43 b,F8 V
Kepler-433 b,
Kepler-434 b,
Kepler-435 b,
Kepler-437 b,
Kepler-438 b,
Kepler-439 b,
Kepler-44 b,G2 IV
Kepler-440 b,
Kepler-441 b,
Kepler-442 b,
Kepler-443 b,
Kepler-447 b,G8 V
Kepler-45 b,M
Kepler-452 b,G2
Kepler-461 b,
Kepler-463 b,
Kepler-464 b,
Kepler-465 b,
Kepler-467 b,
Kepler-468 b,
Kepler-470 b,
Kepler-471 b,
Kepler-472 b,
Kepler-473 b,
Kepler-474 b,
Kepler-475 b,
Kepler-476 b,
Kepler-478 b,
Kepler-479 b,
Kepler-480 b,
Kepler-481 b,
Kepler-482 b,
Kepler-483 b,
Kepler-484 b,
Kepler-485 b,
Kepler-488 b,
Kepler-489 b,
Kepler-490 b,
Kepler-491 b,
Kepler-493 b,
Kepler-494 b,
Kepler-496 b,
Kepler-497 b,
Kepler-498 b,
Kepler-499 b,
Kepler-5 b,
Kepler-500 b,
Kepler-502 b,
Kepler-505 b,
Kepler-506 b,
Kepler-507 b,
Kepler-508 b,
Kepler-509 b,
Kepler-510 b,
Kepler-512 b,
Kepler-513 b,
Kepler-516 b,
Kepler-518 b,
Kepler-521 b,
Kepler-522 b,
Kepler-523 b,
Kepler-525 b,
Kepler-526 b,
Kepler-527 b,
Kepler-528 b,
Kepler-531 b,
Kepler-532 b,
Kepler-533 b,
Kepler-535 b,
Kepler-536 b,
Kepler-537 b,
Kepler-540 b,
Kepler-541 b,
Kepler-542 b,
Kepler-543 b,
Kepler-544 b,
Kepler-545 b,
Kepler-546 b,
Kepler-547 b,
Kepler-548 b,
Kepler-550 b,
Kepler-551 b,
Kepler-552 b,
Kepler-554 b,
Kepler-555 b,
Kepler-556 b,
Kepler-557 b,
Kepler-558 b,
Kepler-559 b,
Kepler-562 b,
Kepler-563 b,
Kepler-564 b,
Kepler-565 b,
Kepler-566 b,
Kepler-567 b,
Kepler-568 b,
Kepler-569 b,
Kepler-570 b,
Kepler-571 b,
Kepler-572 b,
Kepler-573 b,
Kepler-574 b,
Kepler-575 b,
Kepler-576 b,
Kepler-577 b,
Kepler-578 b,
Kepler-579 b,
Kepler-580 b,
Kepler-581 b,
Kepler-582 b,
Kepler-583 b,
Kepler-584 b,
Kepler-585 b,
Kepler-586 b,
Kepler-587 b,
Kepler-588 b,
Kepler-590 b,
Kepler-591 b,
Kepler-592 b,
Kepler-593 b,
Kepler-594 b,
Kepler-596 b,
Kepler-597 b,
Kepler-599 b,
Kepler-6 b,
Kepler-600 b,
Kepler-601 b,
Kepler-602 b,
Kepler-604 b,
Kepler-606 b,
Kepler-608 b,
Kepler-609 b,
Kepler-61 b,K7 V
Kepler-611 b,
Kepler-612 b,
Kepler-613 b,
Kepler-614 b,
Kepler-615 b,
Kepler-617 b,M1 V
Kepler-618 b,
Kepler-620 b,
Kepler-621 b,
Kepler-622 b,
Kepler-623 b,
Kepler-624 b,
Kepler-626 b,
Kepler-627 b,
Kepler-628 b,
Kepler-629 b,
Kepler-63 b,
Kepler-630 b,
Kepler-631 b,
Kepler-632 b,
Kepler-634 b,
Kepler-635 b,
Kepler-637 b,
Kepler-638 b,
Kepler-639 b,
Kepler-640 b,
Kepler-641 b,
Kepler-642 b,
Kepler-643 b,
Kepler-644 b,
Kepler-645 b,
Kepler-646 b,
Kepler-648 b,
Kepler-649 b,
Kepler-650 b,
Kepler-651 b,
Kepler-652 b,
Kepler-654 b,
Kepler-655 b,
Kepler-656 b,
Kepler-657 b,
Kepler-658 b,
Kepler-659 b,
Kepler-66 b,G0 V
Kepler-660 b,
Kepler-661 b,
Kepler-662 b,
Kepler-663 b,
Kepler-664 b,
Kepler-665 b,
Kepler-666 b,
Kepler-667 b,
Kepler-668 b,
Kepler-669 b,
Kepler-67 b,G9 V
Kepler-670 b,
Kepler-671 b,
Kepler-672 b,
Kepler-673 b,
Kepler-674 b,
Kepler-675 b,
Kepler-676 b,
Kepler-677 b,
Kepler-678 b,
Kepler-679 b,
Kepler-680 b,
Kepler-681 b,
Kepler-682 b,
Kepler-683 b,
Kepler-684 b,
Kepler-685 b,
Kepler-686 b,
Kepler-687 b,
Kepler-688 b,
Kepler-689 b,
Kepler-690 b,
Kepler-691 b,
Kepler-692 b,
Kepler-694 b,
Kepler-695 b,
Kepler-696 b,
Kepler-697 b,
Kepler-698 b,
Kepler-7 b,
Kepler-700 b,
Kepler-701 b,
Kepler-702 b,
Kepler-703 b,
Kepler-704 b,
Kepler-705 b,
Kepler-706 b,
Kepler-707 b,
Kepler-708 b,
Kepler-709 b,
Kepler-710 b,
Kepler-711 b,
Kepler-713 b,
Kepler-714 b,
Kepler-715 b,
Kepler-717 b,
Kepler-718 b,
Kepler-719 b,
Kepler-720 b,
Kepler-721 b,
Kepler-723 b,
Kepler-724 b,
Kepler-725 b,
Kepler-726 b,
Kepler-727 b,
Kepler-728 b,
Kepler-729 b,
Kepler-731 b,
Kepler-733 b,
Kepler-734 b,
Kepler-735 b,
Kepler-736 b,
Kepler-737 b,
Kepler-738 b,
Kepler-739 b,
Kepler-74 b,F8 V
Kepler-740 b,
Kepler-741 b,
Kepler-742 b,
Kepler-744 b,
Kepler-745 b,
Kepler-746 b,
Kepler-747 b,
Kepler-748 b,
Kepler-749 b,
Kepler-75 b,K0 V
Kepler-751 b,
Kepler-752 b,
Kepler-753 b,
Kepler-754 b,
Kepler-756 b,
Kepler-757 b,
Kepler-759 b,
Kepler-76 b,F
Kepler-761 b,
Kepler-762 b,
Kepler-763 b,
Kepler-764 b,
Kepler-765 b,
Kepler-766 b,
Kepler-767 b,
Kepler-768 b,
Kepler-77 b,G5 V
Kepler-771 b,
Kepler-772 b,
Kepler-773 b,
Kepler-774 b,
Kepler-775 b,
Kepler-776 b,
Kepler-777 b,
Kepler-778 b,
Kepler-780 b,
Kepler-781 b,
Kepler-782 b,
Kepler-784 b,
Kepler-785 b,
Kepler-786 b,
Kepler-787 b,
Kepler-788 b,
Kepler-789 b,
Kepler-790 b,
Kepler-791 b,
Kepler-792 b,
Kepler-793 b,
Kepler-794 b,
Kepler-796 b,
Kepler-797 b,
Kepler-798 b,
Kepler-8 b,
Kepler-800 b,
Kepler-801 b,
Kepler-802 b,
Kepler-803 b,
Kepler-805 b,
Kepler-806 b,
Kepler-807 b,
Kepler-808 b,
Kepler-809 b,
Kepler-810 b,
Kepler-811 b,
Kepler-812 b,
Kepler-813 b,
Kepler-814 b,
Kepler-815 b,
Kepler-816 b,
Kepler-817 b,
Kepler-818 b,
Kepler-819 b,
Kepler-820 b,
Kepler-821 b,
Kepler-822 b,
Kepler-823 b,
Kepler-824 b,
Kepler-826 b,
Kepler-827 b,
Kepler-828 b,
Kepler-829 b,
Kepler-830 b,
Kepler-831 b,
Kepler-832 b,
Kepler-833 b,
Kepler-834 b,
Kepler-835 b,
Kepler-836 b,
Kepler-837 b,
Kepler-838 b,
Kepler-839 b,
Kepler-841 b,
Kepler-842 b,
Kepler-843 b,
Kepler-844 b,
Kepler-845 b,
Kepler-846 b,
Kepler-847 b,
Kepler-848 b,
Kepler-849 b,
Kepler-850 b,
Kepler-851 b,
Kepler-852 b,
Kepler-853 b,
Kepler-855 b,
Kepler-856 b,
Kepler-857 b,
Kepler-858 b,
Kepler-859 b,
Kepler-860 b,
Kepler-861 b,
Kepler-862 b,
Kepler-863 b,
Kepler-864 b,
Kepler-865 b,
Kepler-866 b,
Kepler-867 b,
Kepler-868 b,
Kepler-869 b,
Kepler-870 b,
Kepler-871 b,
Kepler-872 b,
Kepler-873 b,
Kepler-874 b,
Kepler-875 b,
Kepler-876 b,
Kepler-877 b,
Kepler-878 b,
Kepler-879 b,
Kepler-880 b,
Kepler-881 b,
Kepler-882 b,
Kepler-883 b,
Kepler-884 b,
Kepler-885 b,
Kepler-886 b,
Kepler-888 b,
Kepler-889 b,
Kepler-890 b,
Kepler-891 b,
Kepler-892 b,
Kepler-893 b,
Kepler-894 b,
Kepler-895 b,
Kepler-896 b,
Kepler-897 b,
Kepler-898 b,
Kepler-899 b,
Kepler-900 b,
Kepler-901 b,
Kepler-902 b,
Kepler-904 b,
Kepler-905 b,
Kepler-906 b,
Kepler-907 b,
Kepler-909 b,
Kepler-91 b,K3
Kepler-910 b,
Kepler-911 b,
Kepler-912 b,
Kepler-914 b,
Kepler-915 b,
Kepler-916 b,
Kepler-917 b,
Kepler-918 b,
Kepler-919 b,
Kepler-921 b,
Kepler-922 b,
Kepler-923 b,
Kepler-924 b,
Kepler-925 b,
Kepler-926 b,
Kepler-927 b,
Kepler-928 b,
Kepler-929 b,
Kepler-930 b,
Kepler-931 b,
Kepler-932 b,
Kepler-933 b,
Kepler-934 b,
Kepler-935 b,
Kepler-936 b,
Kepler-938 b,
Kepler-939 b,
Kepler-940 b,
Kepler-941 b,
Kepler-942 b,
Kepler-943 b,
Kepler-944 b,
Kepler-945 b,
Kepler-946 b,
Kepler-947 b,
Kepler-948 b,
Kepler-949 b,
Kepler-95 b,
Kepler-950 b,
Kepler-952 b,
Kepler-954 b,
Kepler-955 b,
Kepler-956 b,
Kepler-957 b,
Kepler-958 b,
Kepler-959 b,
Kepler-96 b,
Kepler-960 b,
Kepler-961 b,
Kepler-962 b,
Kepler-963 b,
Kepler-964 b,
Kepler-965 b,
Kepler-966 b,
Kepler-971 b,
Kepler-972 b,
Kepler-973 b,
Kepler-974 b,
Kepler-975 b,
Kepler-976 b,
Kepler-977 b,
Kepler-978 b,
Kepler-979 b,
Kepler-98 b,
Kepler-980 b,
Kepler-981 b,
Kepler-982 b,
Kepler-983 b,
Kepler-984 b,
Kepler-985 b,
Kepler-986 b,
Kepler-987 b,
Kepler-988 b,
Kepler-989 b,
Kepler-991 b,
Kepler-992 b,
Kepler-993 b,
Kepler-994 b,
Kepler-995 b,
Kepler-996 b,
Kepler-997 b,
Kepler-998 b,
Kepler-999 b,
L 168-9 b,M1 V
LHS 1478 b,m3 V
LHS 1815 b,M1
LHS 3844 b,M5
LP 714-47 b,M0.0 V
LSPM J2116+0234 b,M3.0 V
LTT 9779 b,G7 V
Lupus-TR-3 b,
MASCARA-1 b,A8
MOA-2007-BLG-192L b,
MOA-2007-BLG-400L b,
MOA-2008-BLG-310L b,
MOA-2008-BLG-379L b,K
MOA-2009-BLG-266L b,
MOA-2009-BLG-319L b,
MOA-2009-BLG-387L b,
MOA-2010-BLG-073L b,
MOA-2010-BLG-117L b,
MOA-2010-BLG-328L b,
MOA-2010-BLG-353L b,
MOA-2010-BLG-477L b,
MOA-2011-BLG-028L b,
MOA-2011-BLG-262L b,
MOA-2011-BLG-291L b,
MOA-2011-BLG-293L b,
MOA-2011-BLG-322L b,
MOA-2012-BLG-006L b,
MOA-2012-BLG-505L b,
MOA-2013-BLG-220L b,
MOA-2013-BLG-605L b,
MOA-2015-BLG-337L b,
MOA-2016-BLG-227L b,
MOA-2016-BLG-319L b,
MOA-2019-BLG-008L b,
MOA-2020-BLG-135L b,
MOA-bin-1L b,
MOA-bin-29 b,
NGC 2682 Sand 364 b,K3 III
NGC 2682 Sand 978 b,K4 III
NGC 2682 YBP 1194 b,G5 V
NGC 2682 YBP 1514 b,G5 V
NGC 2682 YBP 401 b,F9 V
NGTS-1 b,M0.5
NGTS-10 b,K5 V
NGTS-11 b,K
NGTS-12 b,G
NGTS-13 b,
NGTS-15 b,G6 V
NGTS-16 b,G7 V
NGTS-17 b,G4 V
NGTS-18 b,G5 V
NGTS-2 b,F5 V
NGTS-20 b,G1 IV
NGTS-21 b,K3 V
NGTS-23 b,F9 V
NGTS-24 b,G2 IV
NGTS-25 b,K0 V
NGTS-4 b,
NGTS-5 b,K2 V
NGTS-6 b,
NGTS-8 b,K0 V
NGTS-9 b,F8 V
OGLE-2003-BLG-235L b,K V
OGLE-2005-BLG-071L b,
OGLE-2005-BLG-169L b,K5
OGLE-2005-BLG-390L b,
OGLE-2007-BLG-368L b,
OGLE-2008-BLG-355L b,
OGLE-2011-BLG-0173L b,
OGLE-2011-BLG-0251L b,M
OGLE-2011-BLG-0265L b,
OGLE-2012-BLG-0358L b,
OGLE-2012-BLG-0406L b,
OGLE-2012-BLG-0563L b,
OGLE-2012-BLG-0724L b,M V
OGLE-2012-BLG-0838L b,
OGLE-2012-BLG-0950L b,M V
OGLE-2013-BLG-0102L b,
OGLE-2013-BLG-0132L b,
OGLE-2013-BLG-0911L b,
OGLE-2013-BLG-1721L b,
OGLE-2013-BLG-1761L b,
OGLE-2014-BLG-0124L b,
OGLE-2014-BLG-0319L b,M
OGLE-2014-BLG-0676L b,
OGLE-2014-BLG-1760L b,
OGLE-2015-BLG-0051L b,
OGLE-2015-BLG-0954L b,
OGLE-2015-BLG-0966L b,
OGLE-2015-BLG-1649L b,
OGLE-2015-BLG-1670L b,
OGLE-2015-BLG-1771L b,
OGLE-2016-BLG-0263L b,
OGLE-2016-BLG-1067L b,
OGLE-2016-BLG-1190L b,
OGLE-2016-BLG-1195L b,
OGLE-2016-BLG-1227L b,
OGLE-2017-BLG-0173L b,
OGLE-2017-BLG-0373L b,
OGLE-2017-BLG-0406L b,
OGLE-2017-BLG-0482L b,
OGLE-2017-BLG-0604L b,
OGLE-2017-BLG-1049L b,
OGLE-2017-BLG-1099L b,
OGLE-2017-BLG-1140L b,
OGLE-2017-BLG-1375L b,
OGLE-2017-BLG-1434L b,
OGLE-2017-BLG-1522L b,
OGLE-2017-BLG-1691L b,
OGLE-2018-BLG-0383L b,
OGLE-2018-BLG-0532L b,
OGLE-2018-BLG-0567L b,
OGLE-2018-BLG-0596L b,
OGLE-2018-BLG-0677L b,
OGLE-2018-BLG-0740L b,G V
OGLE-2018-BLG-0962L b,
OGLE-2018-BLG-1185L b,
OGLE-2018-BLG-1269L b,
OGLE-2018-BLG-1428L b,
OGLE-2019-BLG-0299L b,
OGLE-2019-BLG-0362L b,
OGLE-2019-BLG-0954L b,
OGLE-2019-BLG-0960L b,
OGLE-TR-10 b,G2 V
OGLE-TR-111 b,K2 V
OGLE-TR-113 b,K4 V
OGLE-TR-132 b,F5 V
OGLE-TR-182 b,
OGLE-TR-211 b,
OGLE-TR-56 b,F8 V
OGLE2-TR-L9 b,
Oph 11 b,M9
PH2 b,
POTS-1 b,K5 V
PSR B0329+54 b,
PSR J1719-1438 b,
PSR J2322-2650 b,
Pr0201 b,
Qatar-1 b,
Qatar-10 b,F7 V
Qatar-2 b,
Qatar-3 b,G0 V
Qatar-4 b,K1 V
Qatar-5 b,G2 V
Qatar-7 b,F4 V
Qatar-8 b,G0 V
Qatar-9 b,K5 V
Ross 128 b,M4
Ross 508 b,M4.5 V
SWEEPS-11 b,
SWEEPS-4 b,
TAP 26 b,
TCP J05074264+2447555 b,
TIC 237913194 b,G3
TIC 257060897 b,
TOI-1075 b,K9 V/M0 V
TOI-1107 b,F6 V
TOI-1181 b,F9 IV
TOI-122 b,M3 V
TOI-1227 b,M4.5V-M5V
TOI-1231 b,M3 V
TOI-1235 b,M0.5 V
TOI-1268 b,K1-K2
TOI-1278 b,M0 V
TOI-1296 b,
TOI-1298 b,
TOI-132 b,G8 V
TOI-1411 b,
TOI-1422 b,G2 V
TOI-1431 b,Am C
TOI-1442 b,
TOI-1478 b,
TOI-150.01,F
TOI-1516 b,F8 V
TOI-1518 b,F0
TOI-157 b,G9 IV
TOI-1601 b,
TOI-163 b,F
TOI-1685 b,M3.0 V
TOI-169 b,G1 V
TOI-1693 b,
TOI-1695 b,
TOI-1696 b,M5V
TOI-1710 b,G5 V
TOI-172 b,
TOI-1728 b,M0
TOI-1759 b,M0.0 V
TOI-1789 b,F
TOI-1807 b,
TOI-1820 b,
TOI-1842 b,
TOI-1860 b,G V
TOI-1899 b,M0
TOI-201 b,F6 V
TOI-2025 b,
TOI-2046 b,F8 V
TOI-2048 b,G V
TOI-206 b,
TOI-2081 b,M1.0
TOI-2109 b,F
TOI-2136 b,M4.5 V
TOI-2158 b,
TOI-2180 b,G5
TOI-2184 b,
TOI-2196 b,G V
TOI-220 b,K0 V
TOI-2207 b,
TOI-2236 b,
TOI-2257 b,M3
TOI-2260 b,G V
TOI-2285 b,
TOI-2337 b,
TOI-237 b,M4.5 V
TOI-2406 b,M4 V
TOI-2411 b,
TOI-2421 b,
TOI-2427 b,
TOI-2445 b,
TOI-251 b,
TOI-2545 b,
TOI-2567 b,
TOI-257 b,
TOI-2570 b,
TOI-2669 b,
TOI-269 b,M2 V
TOI-277 b,
TOI-3362 b,
TOI-3629 b,M1
TOI-3693 b,
TOI-3757 b,M0 V
TOI-3884 b,M4
TOI-4137 b,
TOI-4329 b,
TOI-4479 b,M3.0
TOI-4582 b,
TOI-481 b,G
TOI-5153 b,F8 V
TOI-5174 b,
TOI-519 b,M3.5
TOI-5238 b,
TOI-530 b,M0.5 V
TOI-532 b,
TOI-5398 b,
TOI-540 b,M V
TOI-544 b,
TOI-5542 b,G3 V
TOI-558 b,F V
TOI-559 b,G V
TOI-564 b,
TOI-620 b,M2.5 V
TOI-628 b,
TOI-640 b,
TOI-674 b,M2 V
TOI-677 b,F8
TOI-813 b,G0 IV
TOI-824 b,K4 V
TOI-833 b,
TOI-837 b,G0/F9 V
TOI-849 b,G
TOI-892 b,F
TOI-905 b,
TOI-954 b,
TYC 0434-04538-1 b,
TYC 2187-512-1 b,M1.0 V
TYC 3318-01333-1 b,
TYC 3667-1280-1 b,
TYC 4282-00605-1 b,
TrES-3 b,G4 V
TrES-5 b,
UKIRT-2017-BLG-001L b,
USco CTIO 108 b,M7
USco1556 b,M3.0 V
USco1621 b,M2.5 V
V0391 Peg b,sdBV
V830 Tau b,
WASP-10 b,K5 V
WASP-101 b,F6
WASP-103 b,F8 V
WASP-105 b,K2
WASP-106 b,F9
WASP-110 b,G9
WASP-113 b,G1
WASP-117 b,F9
WASP-118 b,F6
WASP-119 b,G5
WASP-120 b,F5
WASP-121 b,F6 V
WASP-124 b,F9
WASP-13 b,
WASP-130 b,G6
WASP-131 b,G0
WASP-133 b,G4
WASP-135 b,G5 V
WASP-136 b,
WASP-138 b,
WASP-141 b,F9
WASP-142 b,F8
WASP-144 b,K2 V
WASP-147 b,G4
WASP-15 b,F7
WASP-150 b,F8
WASP-151 b,G1
WASP-153 b,G0
WASP-156 b,K3
WASP-157 b,G2 V
WASP-158 b,F6 V
WASP-159 b,F9
WASP-16 b,
WASP-161 b,
WASP-162 b,K0
WASP-163 b,
WASP-164 b,G2 V
WASP-165 b,G6
WASP-166 b,F9 V
WASP-167 b,F1 V
WASP-169 b,F8
WASP-17 b,F4
WASP-170 b,
WASP-171 b,G0
WASP-172 b,F1 V
WASP-174 b,F6 V
WASP-175 b,F7
WASP-176 b,F9
WASP-177 b,K2
WASP-178 b,A1 IV-V
WASP-181 b,G2
WASP-182 b,G5
WASP-183 b,G9
WASP-184 b,G0 V
WASP-185 b,G0 V
WASP-186 b,F
WASP-187 b,F
WASP-189 b,
WASP-19 b,G8 V
WASP-190 b,F6 IV-V
WASP-192 b,G0 V
WASP-21 b,G3 V
WASP-22 b,G1 V
WASP-23 b,
WASP-25 b,
WASP-28 b,F8
WASP-29 b,
WASP-31 b,
WASP-32 b,
WASP-34 b,
WASP-35 b,
WASP-37 b,
WASP-38 b,F8 V
WASP-39 b,
WASP-4 b,G8
WASP-42 b,
WASP-43 b,K7 V
WASP-44 b,G8 V
WASP-46 b,G6 V
WASP-48 b,
WASP-5 b,G5
WASP-50 b,
WASP-52 b,K2 V
WASP-57 b,G6
WASP-59 b,K5 V
WASP-6 b,
WASP-60 b,G1 V
WASP-61 b,
WASP-62 b,
WASP-63 b,
WASP-65 b,G6
WASP-66 b,
WASP-67 b,
WASP-69 b,K5
WASP-7 b,
WASP-71 b,F8
WASP-72 b,F7
WASP-73 b,F9
WASP-74 b,F9
WASP-78 b,
WASP-79 b,
WASP-80 b,K7-M0 V
WASP-81 b,
WASP-82 b,F5
WASP-83 b,G8
WASP-84 b,K0
WASP-88 b,F6
WASP-89 b,K3
WASP-90 b,F6
WASP-91 b,K3
WASP-92 b,F7
WASP-93 b,F4
WASP-95 b,G2
WASP-96 b,G8
WASP-97 b,G5
WASP-99 b,F8
WD 0806-661 b,DQ
WISEP J121756.91+162640.2 A b,T8.5
WTS-1 b,F6 V
WTS-2 b,K2 V
Wendelstein-1 b,K7 V
Wendelstein-2 b,K6 V
Wolf 503 b,K3.5 V
XO-1 b,G1 V
XO-3 b,F5V
XO-4 b,F5 V
XO-5 b,G8 V
XO-6 b,F5
XO-7 b,G0 V
YSES 2 b,K1 V
alf Ari b,K2III
bet UMi b,K4 III
eps CrB b,K2 III
eps Eri b,K2 V
eps Tau b,K0 III
gam Psc b,G7 III
kap And b,B9 IV
kap CrB b,K0 III-IV
mu Leo b,K2 III
mu2 Sco b,B2 IV
omi CrB b,K0
tau Gem b,K2 III
ups Leo b,G9 III
xi Aql b,G9 III
